room_type,host_acceptance_rate,price,availability_365,review_scores_rating,review_scores_cleanliness,review_scores_communication,number_of_reviews
1,1.00,96.00,0.00,4.83,4.83,4.9,42
1,1.00,70.00,2.00,4.91,4.83,4.95,43
1,0.99,69.00,148.00,4.82,4.86,4.82,93
1,1.00,34.00,291.00,4.7,4.3,4.7,10
1,1.00,30.00,277.00,4.71,4.93,4.5,14
2,0.90,109.00,347.00,4.92,4.97,4.97,39
2,0.90,72.00,319.00,4.8,4.89,4.89,160
1,1.00,99.00,337.00,4.87,4.78,4.93,177
1,0.99,210.00,1.00,4.92,4.92,5,13
1,1.00,88.00,141.00,4.65,4.53,4.76,17
1,1.00,75.00,323.00,4.77,4.92,4.69,13
1,0.00,63.00,0.00,4.86,4.88,5,9
1,1.00,68.00,347.00,4.88,4.86,4.95,138
1,0.89,86.00,355.00,4.75,4.5,5,4
1,1.00,110.00,315.00,4.78,4.71,4.98,60
1,1.00,29.00,270.00,4.8,4.6,4.8,5
2,0.90,45.00,346.00,4.66,4.59,4.87,299
2,0.90,45.00,347.00,4.6,4.67,4.93,85
1,1.00,75.00,211.00,4.94,4.99,4.97,75
1,1.00,65.00,309.00,4.84,4.69,4.95,147
1,1.00,94.00,66.00,4.77,4.73,4.95,22
1,1.00,75.00,244.00,4.89,4.96,4.96,78
2,0.05,65.00,349.00,4.77,4.92,4.77,13
1,0.50,140.00,5.00,4.94,4.94,4.94,32
1,0.00,200.00,358.00,5,5,5,2
2,0.11,50.00,0.00,5,5,5,2
1,1.00,55.00,0.00,4.88,5,5,19
1,1.00,60.00,0.00,3.67,4.33,4.33,3
1,1.00,55.00,308.00,4.5,4.68,4.78,38
1,0.00,52.00,234.00,4.66,4.92,4.88,216
1,0.88,97.00,215.00,5,4.4,4.8,5
2,0.17,90.00,18.00,4.4,4.53,4.67,0
2,0.17,48.00,300.00,4.4,4.53,4.67,15
1,0.60,130.00,179.00,5,5,5,6
1,0.99,40.00,23.00,4.83,4.9,4.97,219
1,0.98,51.00,337.00,4.91,4.96,4.95,101
1,0.05,80.00,351.00,3.5,4.5,5,2
1,0.83,50.00,351.00,4.24,4.15,4.52,34
1,0.57,54.00,324.00,4.84,4.94,4.93,262
2,0.95,54.00,293.00,4.8,4.87,4.94,256
1,1.00,121.00,2.00,4.75,4.48,4.92,26
1,0.99,86.00,338.00,4.56,4.78,4.44,9
1,1.00,100.00,296.00,4.76,4.9,4.82,183
1,1.00,90.00,316.00,4.68,4.71,4.84,31
1,1.00,50.00,242.00,4.93,4.86,4.89,45
1,1.00,48.00,15.00,4.57,4.65,4.92,55
1,1.00,40.00,211.00,4.55,4.8,4.95,20
1,0.77,55.00,365.00,4.89,4.71,5,57
1,0.00,75.00,328.00,5,4.8,5,5
1,0.86,253.00,269.00,4.97,5,4.97,29
1,1.00,100.00,355.00,5,4.86,5,0
2,0.86,96.00,62.00,5,4.86,5,7
2,0.86,55.00,132.00,4.64,4.94,4.89,67
1,0.92,95.00,78.00,4.42,4.45,4.68,110
1,0.88,60.00,178.00,4.69,4.84,4.96,52
1,0.68,80.00,321.00,4.73,4.9,4.92,52
1,0.68,72.00,282.00,4.97,5,4.97,32
2,0.46,23.00,364.00,4.89,4.97,4.99,0
1,1.00,57.00,236.00,4.89,4.97,4.99,106
1,0.99,105.00,316.00,4.89,4.89,4.96,96
2,0.70,73.00,364.00,5,5,5,1
1,0.70,55.00,363.00,3.33,4,3.33,3
1,0.98,101.00,355.00,4.8,4.86,4.96,97
1,0.98,100.00,288.00,4.85,4.81,4.95,299
2,0.62,95.00,365.00,4.44,4.67,4.33,9
2,0.62,120.00,364.00,4.75,4.75,5,4
1,0.11,70.00,365.00,5,4.67,5,0
2,0.11,65.00,365.00,5,4.67,5,3
1,0.00,60.00,309.00,4.5,4.9,4.9,10
1,0.98,51.00,353.00,4.97,5,5,31
1,0.98,71.00,361.00,4.95,5,5,21
1,0.98,68.00,361.00,4.87,4.98,4.92,53
1,1.00,52.00,265.00,4.73,4.58,4.98,48
1,0.00,61.00,333.00,4.87,4.94,4.97,0
1,1.00,58.00,214.00,4.87,4.94,4.97,214
1,1.00,60.00,338.00,5,4.8,5,6
1,0.26,180.00,364.00,4.71,4.75,4.71,27
1,0.00,50.00,25.00,4.86,4.87,4.98,89
1,0.52,114.00,0.00,5,5,4.67,3
2,0.52,95.00,267.00,4.77,4.92,5,15
2,0.52,60.00,267.00,4.87,5,4.92,77
2,0.52,50.00,268.00,4.86,4.86,5,7
1,0.05,85.00,179.00,5,5,5,1
2,0.05,85.00,349.00,4.4,4.6,5,5
2,0.11,65.00,2.00,4.86,4.95,4.86,0
1,1.00,38.00,0.00,4.86,4.95,4.86,22
1,1.00,47.00,117.00,4.7,4.91,4.94,107
1,1.00,40.00,290.00,4.66,4.78,4.95,143
2,1.00,100.00,320.00,5,4.75,4.5,4
2,0.11,40.00,67.00,4.96,4.96,4.96,0
1,0.96,70.00,334.00,4.96,4.96,4.96,85
1,1.00,70.00,276.00,4.5,4,5,2
1,1.00,79.00,96.00,4.89,4.87,4.89,62
1,0.96,58.00,347.00,4.69,4.53,4.74,75
1,1.00,55.00,243.00,4.69,4.75,4.93,499
1,0.40,100.00,365.00,4.86,5,4.83,0
2,0.40,90.00,252.00,4.86,5,4.83,7
1,0.60,85.00,311.00,4.77,4.97,4.82,35
1,0.82,100.00,365.00,4.78,4.89,4.94,18
1,1.00,94.00,18.00,4.74,4.91,4.87,23
1,0.00,60.00,365.00,5,5,5,0
2,0.46,40.00,178.00,5,5,5,23
1,0.46,40.00,364.00,4,4.67,5,3
1,0.44,70.00,353.00,4.77,4.92,5,13
1,0.25,51.00,364.00,5,5,5,3
1,0.80,50.00,211.00,4,5,5,1
1,0.95,400.00,314.00,4.79,4.73,4.92,135
2,0.80,50.00,209.00,4.7,4.8,4.8,0
1,0.50,80.00,360.00,4.7,4.8,4.8,10
2,0.80,35.00,261.00,4.88,4.88,4.88,9
1,1.00,147.00,313.00,4.64,4.61,4.9,94
1,0.18,119.00,362.00,4.79,4.88,4.94,36
1,1.00,79.00,311.00,4.76,4.91,4.87,69
1,1.00,99.00,17.00,4.88,5,4.89,59
2,0.94,70.00,327.00,4.3,4.75,4.33,43
2,0.94,79.00,333.00,4.18,4.76,4.55,22
2,0.94,69.00,339.00,4.36,4.67,4.51,44
2,0.94,79.00,322.00,4,4.5,4.67,6
2,0.80,70.00,329.00,5,5,5,1
1,0.80,74.00,365.00,4.91,4.94,4.91,35
1,0.00,205.00,182.00,4.65,3.85,4.85,20
2,0.76,150.00,365.00,4.86,4.97,4.97,0
1,0.76,86.00,207.00,4.86,4.97,4.97,63
1,0.40,80.00,299.00,4.94,4.92,4.93,77
1,0.40,111.00,360.00,4.87,4.93,5,16
1,0.57,86.00,344.00,4.7,4.88,4.77,88
1,1.00,40.00,159.00,4.89,4.97,4.84,37
1,1.00,194.00,322.00,4.85,4.92,4.92,13
1,0.92,89.00,349.00,4.85,4.79,4.97,34
1,0.92,180.00,212.00,4.72,4.64,4.76,25
3,1.00,190.00,321.00,4.8,4.85,4.91,35
1,0.57,87.00,344.00,4.74,4.95,4.87,38
1,1.00,70.00,341.00,4.65,4.86,4.78,78
1,0.90,307.00,345.00,4.8,4.72,5,25
3,1.00,171.00,322.00,4.73,4.8,5,15
3,1.00,143.00,322.00,4.77,4.92,4.92,13
3,1.00,143.00,321.00,4.89,4.88,4.88,9
3,1.00,143.00,321.00,4.62,4.92,4.92,13
1,0.00,50.00,88.00,5,5,5,3
2,1.00,71.00,249.00,5,5,5,1
1,0.11,70.00,365.00,5,5,5,3
1,1.00,49.00,90.00,4.69,5,4.93,16
1,0.77,33.00,74.00,4.54,4,4.92,13
1,1.00,90.00,340.00,4.88,5,5,18
1,0.96,70.00,0.00,4.81,4.76,4.92,178
1,0.44,45.00,339.00,5,4.67,5,3
1,0.00,59.00,264.00,4.82,4.96,4.92,209
1,1.00,70.00,215.00,4.87,4.95,4.89,121
2,0.86,27.00,28.00,4.53,4.24,4.71,17
2,0.67,30.00,44.00,4.81,4.9,4.93,43
1,0.19,96.00,348.00,4.57,4.86,4.71,7
1,1.00,150.00,226.00,3,3,1,2
1,0.33,78.00,363.00,4.67,4.83,4.92,12
2,0.99,37.00,306.00,4.67,4.61,4.87,1051
1,0.85,83.00,361.00,4.84,4.84,4.97,38
1,0.95,52.00,336.00,4.81,4.95,4.94,241
1,1.00,46.00,0.00,4.51,4.53,4.82,88
2,0.81,60.00,344.00,5,4,4.5,2
1,0.60,250.00,345.00,4.91,4.91,5,11
2,0.00,56.00,148.00,4.81,5,4.63,16
2,0.27,65.00,303.00,4,4.5,3,2
1,1.00,140.00,344.00,4.65,4.79,4.95,44
2,0.99,37.00,304.00,4.69,4.62,4.87,1154
1,0.00,66.00,362.00,4.25,4.75,5,4
1,1.00,80.00,0.00,4.7,4.81,4.85,120
1,1.00,74.00,4.00,4.8,4.83,4.84,119
1,0.57,500.00,138.00,4.98,4.87,4.96,46
1,0.46,800.00,5.00,4.94,5,4.83,19
2,0.99,36.00,197.00,4.98,5,4.98,304
1,0.67,80.00,303.00,0,4.75,4.94,1
1,0.67,76.00,344.00,4.69,4.75,4.94,16
2,1.00,81.00,246.00,5,5,5,1
1,0.00,100.00,358.00,4.88,4.8,5,27
1,1.00,60.00,358.00,4.84,4.86,4.92,0
1,1.00,180.00,34.00,4.84,4.86,4.92,201
1,0.79,75.00,363.00,4.78,4.69,4.92,49
1,0.97,65.00,35.00,4.77,4.79,4.93,94
1,0.99,85.00,193.00,4.52,4.76,4.67,21
2,0.33,80.00,89.00,4.95,4.97,4.94,0
1,0.63,110.00,176.00,4.95,4.97,4.94,63
1,0.57,85.00,344.00,4.59,4.94,4.75,32
1,0.57,86.00,339.00,4.82,4.92,4.88,49
1,0.93,59.00,287.00,4.86,4.94,4.9,71
1,0.93,72.00,298.00,4.77,5,4.83,48
1,0.88,144.00,285.00,4.93,4.95,5,57
1,0.89,75.00,351.00,4.67,4.25,4.83,12
1,1.00,90.00,337.00,4.95,4.89,4.98,64
1,0.44,45.00,352.00,4.5,4.33,4.72,18
2,0.00,50.00,365.00,3,5,5,1
1,0.52,32.00,50.00,4.75,4.89,4.95,95
1,0.52,240.00,350.00,4.91,4.93,4.98,82
1,0.22,64.00,365.00,5,5,5,0
1,1.00,95.00,177.00,5,5,5,1
2,1.00,81.00,246.00,5,5,5,1
1,0.91,24.00,173.00,4.51,3.61,4.58,73
1,1.00,79.00,33.00,4.5,4.6,5,10
1,1.00,85.00,329.00,5,5,5,2
1,1.00,60.00,187.00,4.76,4.86,4.9,93
2,0.33,75.00,364.00,5,5,5,1
1,1.00,144.00,0.00,4.82,4.88,4.97,33
1,1.00,163.00,35.00,4.98,4.88,4.98,59
1,1.00,100.00,0.00,4.83,4.92,5,13
1,1.00,60.00,180.00,4.83,4.93,4.98,47
1,0.50,53.00,314.00,4.67,4.67,5,3
1,1.00,22.00,331.00,4.86,4.89,4.97,72
1,0.00,80.00,364.00,4.59,4.75,4.89,0
1,1.00,91.00,283.00,4.59,4.75,4.89,44
2,0.00,53.00,359.00,4.83,5,5,6
1,0.10,63.00,52.00,4.57,4.82,4.81,44
1,0.00,90.00,0.00,5,5,5,1
1,0.00,89.00,118.00,5,4.75,5,4
1,1.00,114.00,347.00,4.53,4.8,4.71,70
1,0.97,74.00,321.00,4.74,4.83,4.8,166
1,0.33,75.00,323.00,4.94,4.81,5,16
1,0.67,46.00,209.00,5,5,5,11
1,1.00,39.00,20.00,4.74,4.81,4.94,255
1,1.00,63.00,188.00,4.76,4.94,4.94,137
1,0.13,150.00,86.00,5,5,5,7
1,0.95,60.00,286.00,4.97,4.99,4.98,174
2,0.00,65.00,362.00,4,5,5,1
1,0.85,67.00,282.00,4.87,4.87,5,27
1,0.97,77.00,346.00,4.68,4.83,4.87,357
1,1.00,60.00,37.00,4.73,4.93,4.93,16
1,0.99,60.00,87.00,4.85,5,4.92,13
2,0.99,37.00,314.00,4.68,4.64,4.87,951
1,0.74,44.00,158.00,4.66,4.49,4.87,42
2,0.27,25.00,177.00,4.4,4.2,4.6,5
2,1.00,57.00,327.00,5,4.98,5,51
1,0.75,90.00,295.00,5,5,5,34
1,1.00,65.00,187.00,4.86,4.97,4.97,121
2,0.40,90.00,245.00,5,5,5,2
1,0.99,93.00,215.00,4.29,4.41,4.76,17
1,0.99,104.00,211.00,4.41,4.55,4.54,29
1,1.00,80.00,336.00,4.62,4.9,4.81,22
1,0.64,100.00,363.00,4.97,4.97,4.92,36
1,0.98,65.00,362.00,3,3,3,2
2,0.98,52.00,197.00,4.88,4.73,4.83,41
2,0.70,50.00,180.00,4.51,4.83,4.78,87
2,0.26,85.00,364.00,5,5,5,0
2,0.26,46.00,364.00,5,5,5,3
2,0.26,46.00,364.00,4,3.5,4,3
2,0.26,50.00,364.00,4.78,4.56,4.44,9
1,0.98,90.00,320.00,4.72,4.61,4.93,87
1,0.88,100.00,37.00,4.88,5,4.88,44
2,0.97,29.00,12.00,4.87,4.85,4.94,255
1,0.90,103.00,350.00,4.76,4.88,4.94,17
1,0.88,75.00,168.00,4.32,4.21,4.68,19
1,1.00,134.00,104.00,4.9,4.84,4.99,81
2,0.76,85.00,204.00,4.72,4.77,4.61,100
1,0.00,48.00,0.00,4.88,4.93,4.98,86
1,0.00,69.00,358.00,4.7,4.91,4.64,0
1,0.86,90.00,95.00,4.7,4.91,4.64,23
2,0.96,56.00,149.00,4.87,4.91,4.92,322
2,0.96,56.00,157.00,4.92,4.96,4.96,129
1,0.33,80.00,365.00,5,3.8,4.4,5
2,0.13,150.00,258.00,5,5,5,0
2,0.13,200.00,258.00,5,5,5,0
2,0.13,125.00,247.00,5,5,5,2
2,0.13,125.00,254.00,5,5,5,0
2,0.13,150.00,252.00,5,5,5,1
2,0.13,200.00,327.00,4.5,4.5,5,0
1,0.75,64.00,327.00,4.5,4.5,5,2
1,0.52,170.00,335.00,4.8,4.95,4.96,79
1,0.52,190.00,328.00,4.94,4.94,4.94,54
1,0.52,220.00,347.00,4.86,4.86,4.89,36
1,1.00,45.00,269.00,5,4,5,1
1,1.00,53.00,310.00,4.34,4.16,4.47,236
1,1.00,52.00,338.00,4.39,4.27,4.55,255
1,0.94,200.00,175.00,4.69,4.27,4.88,16
1,0.94,200.00,182.00,4.53,3.68,4.84,19
1,0.56,30.00,365.00,4.86,4.86,5,7
1,0.97,91.00,349.00,4.58,4.7,4.78,57
1,0.67,41.00,40.00,4.69,4.74,4.76,71
1,1.00,75.00,298.00,4.89,4.88,5,27
1,0.70,110.00,333.00,4.81,4.7,4.71,43
1,1.00,55.00,231.00,4.97,4.97,5,31
1,0.00,51.00,350.00,4.79,4.87,4.91,26
1,0.33,190.00,266.00,4.88,5,4.71,8
1,0.50,169.00,0.00,4.88,4.69,5,16
1,0.50,90.00,365.00,4.95,4.6,4.9,0
1,0.40,27.00,171.00,4.95,4.6,4.9,22
1,1.00,89.00,363.00,4.6,4.6,4.6,5
1,0.67,90.00,87.00,4.78,4.65,4.58,35
2,0.70,50.00,364.00,4.68,4.88,4.88,26
1,1.00,88.00,49.00,4.77,4.76,4.92,238
1,0.85,300.00,351.00,4.86,4.83,4.88,42
1,0.50,34.00,364.00,2,1,4,0
1,0.50,37.00,350.00,2,1,4,1
1,0.94,111.00,83.00,4.43,4.57,4.57,23
1,0.99,76.00,214.00,3.73,3.18,4.64,11
1,0.94,83.00,165.00,4.89,4.74,4.99,72
1,0.00,80.00,319.00,4.8,4.87,4.93,15
2,0.28,421.00,360.00,5,5,5,4
1,0.28,200.00,365.00,5,4.67,4.67,3
1,0.95,50.00,0.00,4.86,4.95,5,22
2,0.78,98.00,0.00,5,5,5,0
3,0.78,292.00,324.00,5,5,5,1
2,0.78,72.00,235.00,4.8,4.8,5,10
2,0.28,74.00,365.00,4.8,5,4.8,0
2,0.28,80.00,365.00,4.8,5,4.8,5
2,0.28,70.00,365.00,5,5,5,1
2,0.28,70.00,364.00,5,5,5,1
1,1.00,82.00,0.00,4.88,4.88,4.88,48
2,1.00,35.00,122.00,4.5,5,5,4
2,0.62,125.00,364.00,4.97,4.97,4.97,0
1,1.00,55.00,142.00,4.97,4.97,4.97,32
1,1.00,91.00,90.00,4.91,4.96,4.99,231
2,1.00,76.00,265.00,4,5,4,1
1,1.00,43.00,358.00,5,5,5,1
2,0.54,76.00,291.00,4.94,5,5,16
1,0.98,75.00,241.00,4.88,4.93,4.98,170
2,0.75,76.00,1.00,4.8,5,4.8,0
2,0.75,45.00,0.00,4.8,5,4.8,0
1,0.75,66.00,154.00,4.8,5,4.8,5
1,0.75,66.00,337.00,4.88,4.88,4.88,16
2,0.00,50.00,360.00,4.78,4.97,4.87,71
2,0.40,84.00,272.00,4.67,5,4.67,3
2,0.43,50.00,365.00,3.88,4.5,4.63,8
1,1.00,81.00,89.00,4.89,4.83,4.94,18
1,1.00,40.00,0.00,4.64,4.81,4.85,54
1,1.00,82.00,357.00,4.74,4.34,4.9,81
1,0.43,70.00,289.00,3.5,4,5,2
2,0.43,50.00,363.00,4.63,4.88,4.94,16
1,0.00,114.00,360.00,4.57,4.71,5,8
1,0.00,49.00,350.00,4.67,4.83,5,12
1,0.64,75.00,353.00,4.63,4.65,4.7,43
3,0.99,7999.00,0.00,4.83,4.93,4.83,29
2,0.00,37.00,148.00,4.84,4.97,4.95,38
1,1.00,133.00,101.00,4.75,4.75,5,4
2,0.00,25.00,0.00,4.5,5,4.5,2
1,0.00,99.00,365.00,5,5,5,0
1,1.00,144.00,116.00,5,5,5,24
1,1.00,56.00,146.00,4.89,4.92,5,38
1,0.96,97.00,363.00,4.73,4.7,4.94,79
1,0.86,59.00,195.00,4.89,4.81,4.93,133
2,0.78,90.00,328.00,5,5,5,1
2,0.71,40.00,84.00,4.63,4.25,4.69,16
1,0.00,70.00,362.00,5,5,5,9
1,0.75,110.00,177.00,5,5,5,4
2,1.00,170.00,360.00,5,5,5,1
1,1.00,187.00,281.00,4.93,4.93,5,70
1,0.94,111.00,89.00,4.6,4.5,4.5,10
1,0.61,94.00,328.00,4.51,4.75,4.77,65
1,1.00,125.00,81.00,4.82,4.94,4.83,353
1,0.97,65.00,88.00,4.9,4.87,4.93,70
1,0.50,38.00,363.00,4.5,4.5,4.75,4
1,1.00,80.00,258.00,4.75,5,4.88,9
1,0.98,111.00,91.00,4.75,5,4.73,12
1,0.91,60.00,362.00,4.92,5,5,13
1,1.00,56.00,100.00,4.93,4.98,4.98,54
2,0.90,47.00,48.00,5,5,5,1
1,0.00,55.00,148.00,4.83,4.83,4.97,37
1,0.00,450.00,358.00,4.5,5,5,2
2,0.67,41.00,354.00,5,5,5,3
2,0.61,35.00,364.00,4,4.2,3.8,5
1,0.61,100.00,299.00,4.9,4.8,4.7,10
1,0.63,120.00,364.00,4.92,4.96,5,25
1,1.00,62.00,28.00,4.47,4.68,4.8,68
1,0.29,73.00,0.00,4.92,5,4.92,12
1,0.92,45.00,213.00,4.59,4.83,4.93,0
1,0.61,99.00,326.00,4.59,4.83,4.93,29
1,0.93,48.00,313.00,4.66,4.8,4.81,170
2,1.00,107.00,235.00,4.5,4.67,4,6
2,0.90,59.00,345.00,4.84,4.9,4.84,99
1,1.00,74.00,335.00,4.89,4.88,4.98,85
2,0.96,51.00,305.00,4.97,4.99,4.99,367
1,1.00,76.00,211.00,4.88,4.96,4.97,73
1,0.67,54.00,243.00,4.91,4.91,5,56
1,1.00,95.00,299.00,5,4.86,5,7
1,0.33,96.00,208.00,4.88,4.91,4.97,35
2,0.05,48.00,349.00,4.5,5,5,4
1,0.05,100.00,353.00,4,4,5,3
1,0.99,52.00,149.00,4.59,4.59,4.82,22
1,0.99,104.00,216.00,4.41,4.41,4.68,22
2,0.91,73.00,291.00,4.83,4.91,5,47
2,0.91,73.00,291.00,4.8,4.94,4.94,101
1,1.00,140.00,318.00,4.8,5,5,6
1,1.00,160.00,315.00,5,5,5,3
1,1.00,67.00,166.00,4.83,4.91,4.93,390
2,0.00,106.00,330.00,5,5,5,2
1,0.94,80.00,33.00,4.93,4.88,4.9,42
1,1.00,83.00,0.00,4.67,4.85,4.79,33
1,0.85,1536.00,364.00,4.53,4.82,4.63,0
1,0.85,49.00,2.00,4.53,4.82,4.63,18
1,0.85,67.00,291.00,5,4.8,5,6
1,0.64,75.00,351.00,4.75,4.88,5,8
1,1.00,47.00,307.00,4.72,4.82,4.94,325
1,1.00,80.00,334.00,4.8,4.98,4.65,46
3,1.00,166.00,329.00,5,5,5,3
3,1.00,164.00,329.00,5,5,5,5
1,0.75,114.00,268.00,4.92,4.92,4.97,0
1,0.75,52.00,258.00,4.92,4.92,4.97,39
1,1.00,96.00,268.00,5,4.67,4.67,3
1,1.00,60.00,349.00,4.85,4.96,4.78,28
2,0.63,42.00,330.00,4.83,4.92,4.87,60
1,0.71,200.00,365.00,4.86,4.57,4.86,0
1,0.71,100.00,349.00,4.86,4.57,4.86,9
1,1.00,88.00,141.00,4.69,4.88,4.74,32
1,0.76,160.00,351.00,4.86,4.89,4.9,86
1,0.81,199.00,289.00,4.91,4.63,4.89,116
1,0.00,119.00,268.00,5,5,5,1
2,0.00,25.00,0.00,4.9,4.96,4.93,164
2,0.95,41.00,364.00,4.76,4.88,4.96,95
1,0.00,60.00,365.00,0,3.5,4.25,1
1,0.00,46.00,162.00,4,3.5,4.25,4
1,0.96,64.00,177.00,4.53,4.06,4.82,17
1,1.00,70.00,352.00,4.46,4.67,4.69,184
2,0.44,35.00,121.00,4.68,4.86,4.81,37
1,0.00,53.00,360.00,5,5,5,3
2,0.11,80.00,68.00,5,5,4.8,0
1,0.64,85.00,338.00,5,5,4.8,5
2,1.00,55.00,334.00,4.95,5,4.95,20
1,0.96,98.00,196.00,4.92,4.85,4.99,86
1,1.00,78.00,284.00,5,5,5,12
1,1.00,100.00,209.00,4.5,3.67,5,4
1,0.67,39.00,0.00,4.81,4.91,4.83,204
2,0.67,70.00,0.00,4.67,4.83,4.89,18
1,0.19,35.00,273.00,4.77,4.81,4.92,0
1,1.00,67.00,130.00,4.77,4.81,4.92,153
1,0.68,35.00,203.00,4.6,4.8,4.91,36
1,1.00,25.00,0.00,0,4.86,4.98,1
1,1.00,76.00,237.00,4.91,4.86,4.98,249
1,1.00,12.00,90.00,4.73,4.91,4.98,0
1,1.00,40.00,173.00,4.73,4.91,4.98,45
1,0.50,50.00,360.00,4.8,4.8,4.4,5
2,0.62,30.00,6.00,5,4.99,4.92,85
1,0.62,130.00,286.00,4.88,4.88,4.88,18
1,0.40,121.00,353.00,4.92,4.92,5,12
1,1.00,170.00,249.00,4.81,5,5,32
1,0.89,90.00,55.00,4.98,5,5,45
2,0.87,36.00,296.00,4.93,4.95,4.95,55
1,1.00,75.00,179.00,4.89,4.91,4.97,108
1,0.96,55.00,138.00,4.83,4.9,4.87,77
1,0.50,50.00,360.00,5,5,5,8
1,0.80,77.00,264.00,5,4.93,5,30
2,0.96,56.00,43.00,4.89,4.88,4.96,135
1,0.84,100.00,299.00,5,5,5,5
2,0.84,30.00,68.00,4.97,4.88,4.97,33
1,1.00,180.00,18.00,4.99,4.94,4.94,89
2,0.87,36.00,291.00,4.97,4.92,4.95,63
1,0.15,43.00,365.00,4.75,4.75,4.75,0
1,0.15,85.00,179.00,4.75,4.75,4.75,8
1,0.50,51.00,297.00,4.94,4.98,4.96,50
1,1.00,39.00,145.00,4.64,4.82,4.81,119
2,1.00,50.00,1.00,4.8,4.95,4.74,21
1,1.00,207.00,2.00,4.9,4.9,4.95,21
1,0.70,39.00,147.00,4.83,5,5,12
1,1.00,281.00,306.00,4.95,4.89,5,37
1,1.00,91.00,6.00,4.77,4.78,4.84,111
1,0.00,30.00,178.00,4.8,4.75,5,5
2,0.00,61.00,357.00,4.83,4.85,4.88,0
1,0.89,80.00,166.00,4.83,4.85,4.88,100
1,0.93,85.00,321.00,4.83,5,4.76,42
1,0.00,38.00,173.00,4.94,4.91,5,0
1,1.00,80.00,0.00,4.94,4.91,5,35
1,1.00,51.00,337.00,4.79,4.96,4.69,109
1,0.96,80.00,133.00,4.97,5,5,90
1,0.22,70.00,179.00,4,3,4,1
1,1.00,50.00,66.00,4.91,4.91,5,11
1,0.99,48.00,16.00,4.63,4.72,4.63,54
1,0.33,40.00,96.00,1,1,5,1
1,0.71,55.00,360.00,4.68,4.79,4.74,19
2,0.98,23.00,352.00,4.86,4.87,4.92,63
1,1.00,86.00,337.00,4.75,4.92,4.83,12
1,1.00,90.00,292.00,4.92,4.92,4.85,13
1,0.10,40.00,0.00,4.67,4.33,4.67,0
4,0.00,30.00,363.00,4.67,4.33,4.67,4
1,1.00,97.00,303.00,4.85,4.93,4.93,41
2,0.56,120.00,351.00,5,5,4.5,2
1,1.00,200.00,83.00,0,4.42,4.75,1
1,0.56,100.00,268.00,4.58,4.42,4.75,12
1,0.56,38.00,0.00,4.77,4.92,5,13
2,0.56,80.00,351.00,4.71,5,4.86,7
2,0.56,70.00,339.00,4.85,4.92,5,13
2,0.67,140.00,204.00,5,5,3,1
3,0.67,140.00,200.00,5,5,5,4
3,0.67,200.00,201.00,5,5,5,4
2,1.00,45.00,274.00,4.9,4.96,4.95,163
1,0.96,200.00,83.00,4.73,4.86,4.79,0
1,0.96,75.00,362.00,4.73,4.86,4.79,220
1,0.95,51.00,289.00,4.89,4.95,4.97,129
1,1.00,41.00,59.00,4.91,4.91,4.97,90
1,1.00,80.00,0.00,4.9,5,4.86,21
2,1.00,40.00,155.00,4.97,4.94,4.92,36
1,0.98,85.00,358.00,4.94,4.96,4.95,177
2,0.44,35.00,121.00,4.83,4.89,4.97,36
1,0.00,80.00,179.00,4.5,4.75,4.75,4
1,0.95,66.00,78.00,4.59,4.75,4.88,44
1,1.00,71.00,1.00,5,4.99,4.94,67
2,0.56,159.00,293.00,5,5,5,2
2,0.56,80.00,351.00,5,4,5,0
1,1.00,70.00,358.00,5,4,5,1
2,0.00,160.00,89.00,4.5,5,5,2
1,1.00,70.00,67.00,4.41,4.59,4.89,28
1,0.94,104.00,91.00,4.56,4.69,4.56,16
1,0.99,81.00,330.00,4.67,4.75,4.81,102
1,1.00,110.00,290.00,4.84,4.87,4.91,94
1,0.67,79.00,55.00,4.5,4.4,4.8,6
1,0.84,70.00,0.00,4.88,4.81,4.88,16
1,0.93,66.00,364.00,4.54,4.43,4.52,81
1,1.00,79.00,228.00,4.74,4.84,4.92,76
1,0.67,58.00,360.00,4.6,4.72,4.87,134
1,0.22,90.00,180.00,3.83,3.83,3.83,6
1,1.00,94.00,12.00,4.96,4.95,5,75
1,1.00,60.00,52.00,4.67,4.78,5,10
1,1.00,120.00,30.00,4.53,4.38,4.83,53
1,0.90,111.00,341.00,4.81,4.85,4.91,195
1,0.90,64.00,339.00,4.6,4.36,4.66,53
1,0.00,60.00,329.00,4.89,4.86,4.97,0
1,1.00,98.00,324.00,4.89,4.86,4.97,199
1,0.00,40.00,56.00,4.86,5,5,7
1,0.99,47.00,0.00,4.46,4.85,4.85,13
1,0.99,172.00,331.00,4.83,4.68,4.95,81
1,0.33,77.00,37.00,4.92,5,5,12
1,1.00,35.00,55.00,4.5,4.75,4.5,4
2,1.00,38.00,357.00,4.91,4.91,4.94,81
1,0.33,90.00,168.00,5,5,5,7
1,1.00,114.00,353.00,5,5,5,9
1,0.75,80.00,291.00,4.63,4.94,4.88,16
2,0.95,69.00,3.00,4.71,4.82,5,28
2,0.95,66.00,2.00,4.7,4.82,4.91,33
1,0.33,90.00,176.00,5,5,5,0
1,1.00,78.00,0.00,5,5,5,1
1,1.00,366.00,226.00,4.74,4.68,4.68,20
2,0.76,44.00,209.00,4.83,4.88,4.84,79
1,1.00,81.00,354.00,4.74,4.82,4.58,170
2,1.00,35.00,88.00,5,5,5,1
1,1.00,35.00,203.00,4.9,4.9,5,10
1,0.00,50.00,358.00,4.93,4.98,4.99,0
1,1.00,70.00,217.00,4.93,4.98,4.99,122
3,0.67,75.00,269.00,4.92,4.88,4.88,24
1,1.00,130.00,106.00,4.99,4.99,4.97,76
1,1.00,63.00,314.00,4.82,4.97,4.88,223
1,0.50,90.00,136.00,4.74,4.95,4.89,39
2,0.81,60.00,357.00,5,5,5,7
1,0.00,201.00,261.00,4.67,4.33,4.33,0
1,0.50,45.00,276.00,4.67,4.33,4.33,3
1,0.41,150.00,364.00,4.75,4.77,4.92,0
1,0.98,130.00,4.00,4.75,4.77,4.92,65
1,0.46,110.00,167.00,5,5,5,3
1,1.00,43.00,1.00,4.5,5,5,2
1,1.00,105.00,140.00,4.87,4.77,4.97,31
2,1.00,93.00,23.00,4.99,4.99,5,72
1,0.99,113.00,294.00,4.95,4.98,5,275
1,0.50,55.00,341.00,4.73,4.53,4.87,15
1,0.00,200.00,180.00,0,4.77,4.77,2
1,0.98,49.00,0.00,4.65,4.77,4.77,113
2,1.00,46.00,338.00,4.71,4.84,4.89,457
1,0.94,131.00,91.00,4.46,4.58,4.58,25
1,0.00,72.00,83.00,0,4.55,4.93,1
1,0.95,84.00,299.00,4.68,4.55,4.93,246
1,1.00,90.00,267.00,4.81,4.87,4.85,316
1,0.29,39.00,0.00,4.75,4.95,4.89,107
1,0.29,72.00,306.00,4.33,4.89,4.89,9
1,0.29,182.00,330.00,4.71,4.83,4.88,25
2,0.29,83.00,334.00,4.78,4.96,4.96,23
1,0.70,60.00,90.00,4.92,4.75,5,12
2,0.29,98.00,325.00,0,5,4.93,1
2,0.29,83.00,336.00,4.79,5,4.93,14
2,0.00,25.00,77.00,4.8,4.85,4.87,42
1,1.00,43.00,268.00,4.48,4.7,4.63,42
2,1.00,62.00,339.00,4.78,4.88,4.93,366
1,1.00,22.00,117.00,4.74,4.89,4.95,20
1,1.00,70.00,285.00,4.83,4.83,4.98,84
1,0.86,55.00,113.00,4.63,5,4.88,8
1,1.00,121.00,364.00,4,4.07,4.13,15
1,1.00,25.00,280.00,4.83,4.67,4.83,13
1,0.00,39.00,0.00,4.95,4.97,5,59
2,0.00,60.00,85.00,4.81,5,4.94,16
1,0.63,280.00,363.00,5,5,5,4
1,0.63,90.00,364.00,4.33,5,4.67,4
1,0.97,60.00,174.00,4.62,4.73,4.78,80
1,0.26,60.00,362.00,4.4,4.6,4.8,6
1,0.00,39.00,0.00,4.67,4.5,4.83,6
1,0.00,50.00,362.00,4.64,4.82,4.82,13
1,1.00,78.00,306.00,4.93,4.99,4.97,68
1,0.20,93.00,357.00,4,3.67,4,3
1,1.00,150.00,173.00,4.33,3.83,4.17,6
1,0.81,99.00,178.00,4.4,4.5,4.9,10
1,1.00,80.00,334.00,4.82,4.75,4.86,88
2,1.00,129.00,363.00,4.5,4.5,4,2
1,1.00,38.00,287.00,4.91,4.95,4.97,150
1,0.66,75.00,260.00,4.52,4.64,4.93,44
1,0.95,52.00,326.00,4.87,4.91,4.98,129
1,0.96,364.00,350.00,4.83,5,5,6
1,0.96,300.00,356.00,4.86,4.93,4.91,0
1,0.00,48.00,253.00,4.86,4.93,4.91,58
1,1.00,53.00,0.00,5,5,5,10
1,1.00,107.00,0.00,4.82,4.93,4.64,28
1,0.93,84.00,272.00,4.66,4.91,4.88,80
1,1.00,154.00,210.00,4.56,4.19,4.71,17
1,1.00,100.00,52.00,4.85,4.85,5,13
1,1.00,41.00,259.00,4.83,4.86,4.98,80
2,1.00,29.00,149.00,4.83,4.85,4.87,571
2,0.60,55.00,83.00,4.33,4.67,4.67,7
1,1.00,40.00,17.00,4.97,4.98,4.96,201
2,0.99,27.00,84.00,4.96,4.96,4.98,418
2,0.98,23.00,351.00,4.85,4.96,5,27
1,1.00,45.00,142.00,4.9,4.98,4.98,61
2,0.50,40.00,87.00,5,5,4,2
2,0.50,50.00,362.00,2,1,5,1
2,0.50,40.00,360.00,5,5,5,1
2,0.50,40.00,87.00,4.94,5,4.99,0
1,1.00,32.00,0.00,4.94,5,4.99,228
2,1.00,37.00,0.00,4.88,4.96,4.97,163
1,1.00,29.00,0.00,4.95,5,5,22
2,1.00,49.00,326.00,4.77,4.88,4.93,377
1,1.00,85.00,143.00,4.91,4.97,4.98,101
1,1.00,74.00,362.00,4.72,4.78,4.89,18
1,1.00,50.00,1.00,4.94,4.97,4.95,120
1,1.00,43.00,340.00,4.49,4.24,4.49,237
2,0.86,28.00,268.00,4.84,4.82,4.9,80
1,0.46,135.00,282.00,5,5,5,5
1,0.99,96.00,181.00,4.11,4.56,4.33,9
1,0.86,56.00,360.00,4.92,4.95,4.98,60
1,0.00,59.00,358.00,5,5,5,1
1,1.00,100.00,0.00,4.56,5,4.81,16
1,1.00,100.00,268.00,4.5,5,4.75,8
1,1.00,55.00,326.00,4.25,4.5,4.75,4
3,1.00,76.00,348.00,4.5,4.8,4.65,123
1,0.50,35.00,14.00,4.86,4.86,4.86,7
1,0.96,110.00,259.00,4.96,4.93,4.93,48
1,0.46,75.00,1.00,4.75,4.5,4.75,8
1,0.46,103.00,170.00,5,5,5,1
1,0.82,83.00,343.00,4.67,4.67,4.89,9
1,0.94,74.00,304.00,4.83,4.79,4.96,29
1,0.50,68.00,291.00,3,1,5,1
1,1.00,70.00,213.00,4.85,4.92,4.85,13
1,1.00,58.00,70.00,4.5,5,4.9,11
1,1.00,90.00,301.00,4.79,4.84,4.81,43
1,0.70,174.00,36.00,4.75,4.75,4.73,16
1,1.00,93.00,307.00,4.86,4.98,4.86,112
1,1.00,89.00,272.00,4.94,4.93,4.87,187
1,1.00,70.00,197.00,4.83,4.83,4.67,6
1,0.99,93.00,319.00,4.79,4.76,4.96,136
1,1.00,50.00,204.00,4.4,4.8,4.8,5
1,1.00,50.00,187.00,5,5,5,4
1,1.00,67.00,28.00,4.62,4.81,4.9,21
1,0.90,96.00,355.00,4.38,4.63,4.5,8
1,1.00,60.00,237.00,4.96,4.96,4.83,25
1,1.00,136.00,279.00,4.55,4.52,4.73,44
1,0.82,86.00,353.00,4.81,4.69,5,18
2,1.00,35.00,308.00,4.86,4.93,4.93,69
1,1.00,60.00,290.00,4.82,4.88,4.88,33
1,1.00,55.00,282.00,4.95,4.88,4.96,87
1,0.46,120.00,284.00,5,5,5,5
1,0.50,70.00,69.00,4.92,4.75,4.83,12
1,0.98,122.00,346.00,4.64,4.75,4.85,256
1,1.00,86.00,363.00,4.6,4.73,4.93,15
1,1.00,39.00,314.00,4.85,4.95,4.9,144
1,1.00,70.00,114.00,4.96,4.91,4.93,69
1,0.99,82.00,42.00,4,4.53,4.41,20
1,0.99,207.00,150.00,4.82,4.89,4.96,45
1,1.00,138.00,80.00,4.86,4.71,4.71,7
2,0.98,40.00,0.00,4.55,4.82,4.77,150
1,1.00,90.00,364.00,4.33,4.33,4.33,6
1,1.00,90.00,343.00,4.78,4.7,4.96,23
1,1.00,100.00,58.00,4.95,4.84,4.94,20
1,1.00,53.00,1.00,4.8,4.8,5,6
1,1.00,69.00,157.00,4.64,4.93,5,14
2,0.97,55.00,209.00,4.95,4.99,4.95,110
2,0.67,50.00,271.00,4.83,5,4.83,7
1,0.93,60.00,210.00,4.63,5,4.14,0
1,0.93,69.00,327.00,4.63,5,4.14,8
1,1.00,180.00,82.00,4.74,4.72,4.93,61
2,0.98,52.00,0.00,4.59,4.82,4.78,171
1,0.70,38.00,237.00,5,5,5,1
1,1.00,43.00,117.00,4.78,4.85,4.84,400
1,0.70,38.00,240.00,5,5,5,2
1,1.00,100.00,97.00,4.72,4.89,4.94,19
1,1.00,40.00,268.00,4.95,4.98,4.95,59
1,1.00,88.00,238.00,4.72,4.84,4.98,98
2,0.00,63.00,364.00,4.7,4.93,4.96,0
1,0.93,43.00,148.00,4.7,4.93,4.96,47
2,1.00,98.00,29.00,5,4.94,4.97,35
1,1.00,169.00,148.00,4.93,4.93,4.98,43
1,0.60,75.00,162.00,4.9,5,5,10
2,0.80,30.00,83.00,4.75,5,5,12
1,0.00,43.00,330.00,4.8,4.8,5,5
1,0.76,74.00,178.00,4.64,4.84,4.86,45
1,1.00,81.00,363.00,4.75,4.92,4.92,24
2,0.00,30.00,361.00,5,5,5,2
1,0.86,65.00,292.00,4.98,5,5,53
1,0.97,102.00,12.00,4.91,4.97,4.95,66
1,0.97,86.00,7.00,4.95,4.96,4.98,57
1,0.97,93.00,335.00,4.97,4.96,4.91,89
1,0.92,58.00,0.00,4.86,4.79,4.96,28
1,0.96,95.00,17.00,4.86,4.74,4.84,58
2,0.78,26.00,2.00,4.9,4.96,4.87,71
1,0.78,95.00,0.00,4.98,4.93,4.85,0
1,0.91,65.00,115.00,4.98,4.93,4.85,41
1,1.00,81.00,281.00,4.85,4.95,4.89,81
1,0.78,255.00,0.00,4.8,4.53,5,16
1,0.00,66.00,175.00,4.85,4.85,4.79,0
1,1.00,87.00,335.00,4.85,4.85,4.79,34
1,1.00,49.00,58.00,4.97,4.96,5,71
1,0.79,40.00,359.00,4.8,4.77,4.94,66
1,0.98,42.00,83.00,4.82,4.94,5,49
1,0.98,90.00,324.00,4.79,4.89,4.8,167
1,0.96,137.00,363.00,4.94,4.75,4.78,32
2,1.00,51.00,338.00,4.88,4.87,4.97,205
2,1.00,149.00,261.00,5,4.97,4.91,33
1,0.98,61.00,93.00,4.93,4.98,4.99,89
1,0.82,89.00,354.00,4.48,4.55,4.97,31
1,1.00,50.00,52.00,4.98,5,4.96,58
2,1.00,50.00,75.00,4.67,5,5,3
1,1.00,99.00,29.00,4.86,4.94,4.94,294
1,1.00,39.00,331.00,4.56,4.66,4.79,121
1,1.00,56.00,360.00,4.65,4.68,4.89,38
2,1.00,125.00,324.00,5,5,5,2
1,1.00,80.00,179.00,4.4,4.6,4.8,5
1,0.67,46.00,219.00,4.63,4.63,4.88,8
2,1.00,79.00,0.00,4.78,4.74,4.83,0
2,1.00,26.00,133.00,4.78,4.74,4.83,602
1,0.00,320.00,1.00,4.5,4,4.5,2
1,0.46,40.00,179.00,5,5,5,1
1,1.00,83.00,179.00,4.93,5,5,15
2,1.00,41.00,361.00,4.77,4.8,4.62,115
2,0.00,120.00,89.00,4.94,5,4.94,20
1,0.99,129.00,55.00,4.5,4.81,4.53,37
1,0.91,82.00,180.00,4.33,4.6,4.55,59
2,1.00,55.00,24.00,4.96,5,4.78,24
1,1.00,39.00,90.00,4.63,4.75,4.88,8
1,0.00,10.00,364.00,5,4.97,4.97,0
1,0.00,61.00,148.00,5,4.97,4.97,30
2,1.00,100.00,330.00,4.87,4.97,4.85,0
1,1.00,58.00,0.00,4.87,4.97,4.85,39
1,1.00,25.00,24.00,4.76,4.55,4.96,74
1,0.00,34.00,2.00,4.75,4.75,5,4
2,0.00,34.00,364.00,5,5,5,2
1,0.00,50.00,237.00,4.91,5,4.97,34
1,0.99,200.00,215.00,4.97,4.98,4.97,65
1,1.00,100.00,91.00,5,5,4.75,6
1,0.67,50.00,83.00,4.94,5,4.99,69
1,0.81,92.00,364.00,4.6,4.8,5,0
1,0.81,185.00,179.00,4.6,4.8,5,5
1,0.96,286.00,223.00,4.55,4.49,4.65,84
1,1.00,93.00,332.00,4.5,4.61,4.8,79
1,1.00,60.00,178.00,4.86,4.71,5,7
1,0.39,130.00,363.00,5,5,5,0
1,0.63,99.00,214.00,5,5,5,3
1,1.00,107.00,357.00,4.67,4.67,5,3
1,0.68,70.00,358.00,4.51,4.56,4.34,41
1,1.00,150.00,180.00,4.15,4.46,4.08,14
1,0.63,99.00,213.00,4.5,5,5,2
1,1.00,90.00,1.00,4.89,4.89,4.89,9
1,0.98,269.00,25.00,4.82,4.71,4.96,29
1,1.00,75.00,0.00,4.99,5,5,113
1,0.80,40.00,355.00,4.6,4.2,4.87,15
1,1.00,100.00,183.00,4.88,4.63,4.94,16
1,1.00,65.00,348.00,4.91,4.83,4.95,58
2,0.87,47.00,308.00,4.84,4.91,4.84,56
1,0.56,98.00,323.00,4.83,4.57,4.87,23
2,0.56,77.00,153.00,4.62,4.79,4.82,72
1,1.00,60.00,200.00,4.93,4.93,5,28
1,1.00,43.00,365.00,4.76,4.98,4.94,50
1,1.00,90.00,271.00,5,5,5,3
1,1.00,132.00,213.00,5,5,5,3
1,1.00,33.00,365.00,4.71,4.86,4.71,7
1,1.00,48.00,140.00,4.95,4.88,4.95,44
1,0.78,80.00,344.00,4.86,4.89,4.71,29
2,0.99,30.00,30.00,4.95,4.91,4.98,205
2,0.00,250.00,80.00,4,5,5,1
1,1.00,53.00,87.00,4.75,4.79,4.96,75
1,0.50,90.00,87.00,4.67,2.67,5,0
1,0.00,55.00,149.00,4.67,2.67,5,3
1,1.00,80.00,362.00,4.8,4.6,4.9,10
1,0.11,58.00,79.00,4.76,5,5,17
1,0.75,97.00,337.00,4.78,4.72,4.94,18
1,0.96,53.00,209.00,4.3,4.5,5,10
1,0.65,80.00,87.00,4.78,4.44,4.89,18
1,1.00,200.00,117.00,4.98,4.94,5,0
1,1.00,70.00,0.00,4.98,4.94,5,52
2,1.00,113.00,130.00,4.89,4.88,4.91,100
2,1.00,100.00,137.00,4.82,5,4.82,11
2,1.00,100.00,92.00,5,5,4.84,25
2,1.00,107.00,130.00,4.91,4.91,5,11
1,1.00,50.00,272.00,4.86,4.86,4.86,7
2,1.00,55.00,24.00,5,5,3,1
1,1.00,55.00,341.00,4.45,4.09,5,11
1,0.95,73.00,226.00,4.81,4.57,5,21
1,0.00,71.00,65.00,5,5,5,2
1,0.00,90.00,147.00,5,5,5,0
1,0.00,45.00,180.00,5,5,5,1
1,1.00,286.00,181.00,5,4.83,5,6
1,1.00,87.00,0.00,4.63,4.65,4.91,65
1,1.00,43.00,323.00,4.76,4.85,4.93,220
1,0.97,59.00,341.00,4.69,4.85,4.86,122
1,1.00,20.00,0.00,4.75,4.69,4.88,16
1,1.00,50.00,271.00,4.86,4.86,4.86,14
1,0.92,56.00,128.00,4.94,4.94,5,36
1,1.00,69.00,237.00,4.93,5,5,27
1,0.00,40.00,2.00,5,5,5,1
1,0.00,50.00,0.00,5,5,5,1
1,0.94,60.00,253.00,0,5,5,1
2,0.94,60.00,2.00,4.5,5,5,4
1,0.94,104.00,22.00,4.95,4.97,4.96,155
1,0.97,63.00,358.00,4.6,4.85,4.92,130
1,1.00,84.00,181.00,4.88,4.83,4.96,25
3,0.95,69.00,290.00,4.76,4.95,4.81,21
3,0.95,109.00,300.00,4.8,4.86,4.69,35
3,0.95,66.00,299.00,4.76,4.88,4.82,33
3,0.95,65.00,32.00,4.9,5,4.7,20
3,0.95,69.00,305.00,4.7,4.66,4.81,47
2,1.00,120.00,324.00,4.8,5,5,0
1,0.93,50.00,144.00,4.8,5,5,10
1,1.00,108.00,159.00,4.75,4.75,4.38,8
1,1.00,82.00,176.00,4.79,4.63,4.68,0
1,0.99,60.00,14.00,4.79,4.63,4.68,0
1,0.99,60.00,14.00,4.79,4.63,4.68,0
1,0.99,60.00,14.00,4.79,4.63,4.68,0
1,0.99,60.00,14.00,4.79,4.63,4.68,0
1,0.99,71.00,7.00,4.79,4.63,4.68,0
1,0.99,76.00,14.00,4.79,4.63,4.68,0
1,0.99,37.00,14.00,4.79,4.63,4.68,0
1,0.99,37.00,14.00,4.79,4.63,4.68,0
1,0.99,37.00,14.00,4.79,4.63,4.68,0
1,0.99,71.00,14.00,4.79,4.63,4.68,0
1,0.99,71.00,7.00,4.79,4.63,4.68,0
1,0.99,71.00,14.00,4.79,4.63,4.68,0
1,0.99,37.00,14.00,4.79,4.63,4.68,0
1,0.99,60.00,14.00,4.79,4.63,4.68,0
1,0.99,37.00,14.00,4.79,4.63,4.68,0
1,0.99,37.00,7.00,4.79,4.63,4.68,0
3,1.00,58.00,189.00,4.79,4.63,4.68,0
2,0.46,85.00,5.00,4.79,4.63,4.68,0
1,1.00,115.00,25.00,4.79,4.63,4.68,165
1,1.00,386.00,0.00,4.83,4.83,5,6
2,0.50,20.00,1.00,4.8,4.4,4.9,10
1,0.50,50.00,14.00,4.91,5,4.27,11
2,0.46,85.00,58.00,5,5,5,3
2,0.46,85.00,329.00,5,5,5,3
1,1.00,45.00,2.00,5,4.88,4.88,0
1,1.00,300.00,246.00,5,4.88,4.88,8
1,0.99,167.00,0.00,5,4.96,4.89,46
1,0.25,40.00,264.00,4.57,4.57,4.86,7
1,1.00,35.00,211.00,4.9,4.9,4.74,31
1,1.00,53.00,237.00,5,5,5,9
1,0.98,107.00,0.00,4.94,4.69,5,16
1,0.00,65.00,0.00,4.94,4.96,4.94,81
1,0.81,98.00,0.00,4.99,4.94,5,143
1,0.90,75.00,178.00,4.32,3.84,4.68,21
1,1.00,135.00,284.00,5,5,5,7
1,1.00,85.00,1.00,4.83,4.92,4.58,12
1,1.00,63.00,43.00,4.5,5,5,4
1,1.00,96.00,336.00,4.79,4.78,4.87,178
1,0.99,3504.00,93.00,4.83,5,4.83,23
1,0.99,3497.00,94.00,4.82,4.84,4.65,51
1,1.00,137.00,314.00,4.78,4.79,4.85,117
1,0.95,73.00,59.00,4.79,4.82,4.85,34
2,1.00,89.00,5.00,4.89,4.89,4.94,18
2,1.00,61.00,2.00,4.63,4.76,4.88,68
2,0.99,35.00,313.00,4.74,4.65,4.87,409
2,1.00,47.00,85.00,4.77,4.73,4.92,358
1,1.00,263.00,338.00,4.81,4.69,4.94,32
1,0.99,201.00,312.00,4.55,4.27,4.73,11
2,0.99,90.00,342.00,5,4,5,1
2,0.99,80.00,348.00,4,5,5,0
2,0.99,70.00,355.00,4,5,5,1
2,0.99,70.00,354.00,1,1,1,0
2,0.99,70.00,354.00,1,1,1,0
2,1.00,26.00,179.00,1,1,1,1
1,0.89,50.00,244.00,5,5,5,3
1,0.75,65.00,0.00,5,4.67,5,3
1,0.75,140.00,72.00,5,5,5,4
1,0.00,25.00,103.00,5,4.5,5,2
1,1.00,70.00,330.00,4.84,4.74,4.82,106
1,0.85,78.00,272.00,4.96,4.89,4.98,54
1,0.85,58.00,2.00,4.93,4.91,4.93,45
1,0.85,82.00,285.00,5,5,5,7
1,0.93,133.00,170.00,4.71,4.35,4.84,32
1,1.00,160.00,327.00,4.98,4.93,4.93,41
1,1.00,43.00,1.00,4.85,4.9,4.95,39
1,0.77,250.00,362.00,4.9,4.96,4.98,0
2,0.00,85.00,91.00,4.9,4.96,4.98,51
1,1.00,127.00,346.00,4.97,5,5,32
1,0.70,380.00,101.00,4.95,4.86,5,22
1,1.00,55.00,323.00,4.9,4.93,4.98,240
1,1.00,207.00,310.00,4.85,4.77,4.94,53
1,1.00,56.00,36.00,4.6,4.8,5,5
1,1.00,95.00,344.00,4.99,4.94,5,80
1,1.00,63.00,2.00,4.95,4.97,4.97,59
1,1.00,84.00,256.00,4.75,4.89,4.88,81
1,1.00,54.00,243.00,4.93,4.9,4.9,30
1,1.00,63.00,237.00,4.69,4.62,4.77,13
2,0.98,3000.00,365.00,5,5,5,1
1,0.98,120.00,18.00,4.75,4.92,4.79,24
2,0.00,66.00,223.00,4.83,4.96,4.91,24
1,1.00,74.00,16.00,4.94,4.97,4.97,132
1,0.00,100.00,131.00,4.79,4.9,4.93,29
1,0.98,103.00,53.00,4.88,4.88,5,60
1,1.00,60.00,356.00,4.84,4.96,4.8,25
2,0.50,25.00,88.00,4.8,5,4.8,6
2,0.00,200.00,365.00,5,5,5,0
2,0.99,200.00,0.00,5,5,5,0
1,0.99,95.00,245.00,5,5,5,1
1,1.00,60.00,180.00,4.55,4.82,4.55,0
1,1.00,50.00,196.00,4.55,4.82,4.55,11
1,0.97,100.00,149.00,4.39,4.54,4.88,57
2,1.00,47.00,84.00,4.63,4.61,4.92,382
1,1.00,50.00,235.00,4.94,4.92,4.96,49
1,0.99,39.00,66.00,4.85,4.95,4.96,501
1,0.85,330.00,208.00,4.86,4.86,5,7
1,1.00,116.00,98.00,5,5,5,2
1,0.25,26.00,178.00,4.89,4.67,5,9
1,0.75,60.00,344.00,4.38,4.5,4.25,17
1,0.00,18.00,362.00,4.6,4.8,4.8,6
1,0.96,50.00,143.00,4.99,4.96,4.99,77
1,1.00,72.00,41.00,4.96,5,5,69
1,0.99,63.00,253.00,4.81,4.88,4.92,75
1,0.76,55.00,157.00,4.86,4.95,4.81,192
1,0.60,150.00,365.00,4.75,4,5,4
1,0.60,70.00,149.00,4.93,4.8,4.93,17
1,0.77,80.00,12.00,4.72,4.72,4.89,18
1,0.93,48.00,1.00,5,5,5,2
1,0.93,55.00,170.00,4.83,4.91,4.96,23
1,1.00,61.00,289.00,4.76,4.74,4.92,189
2,0.99,200.00,0.00,5,5,5,1
2,1.00,27.00,272.00,4.86,4.93,4.9,71
1,0.97,214.00,290.00,4.95,4.98,5,62
1,0.75,65.00,2.00,5,4.83,5,6
1,0.75,34.00,25.00,4.59,4.45,4.83,154
1,1.00,70.00,315.00,4.84,4.81,4.84,32
1,0.98,60.00,166.00,4.97,4.92,5,39
1,0.46,50.00,347.00,4.81,4.71,4.95,21
2,0.00,90.00,173.00,4.96,4.92,4.92,0
1,1.00,62.00,254.00,4.96,4.92,4.92,25
1,0.88,43.00,108.00,5,5,5,2
1,0.94,64.00,0.00,4.83,4.89,4.77,35
2,0.99,35.00,322.00,4.65,4.64,4.83,281
1,1.00,60.00,0.00,4.93,4.98,4.98,55
1,1.00,55.00,0.00,4.78,4.98,4.93,55
1,0.28,275.00,365.00,4.5,5,4.83,6
1,1.00,144.00,350.00,5,5,5,1
1,1.00,160.00,209.00,5,5,5,1
1,0.25,119.00,348.00,5,5,4.92,0
1,0.25,92.00,94.00,5,5,4.92,0
1,1.00,116.00,87.00,5,5,4.92,13
1,0.88,125.00,178.00,5,4.86,5,7
1,0.80,240.00,195.00,4.68,4.72,4.68,26
1,0.98,93.00,353.00,4.67,4.5,4.67,12
1,0.88,71.00,355.00,4.5,4.13,4.75,8
1,1.00,45.00,0.00,4.81,4.89,4.9,361
3,0.95,65.00,304.00,4.89,5,4.78,9
3,0.95,64.00,275.00,4.67,4.67,5,3
3,0.95,109.00,304.00,4.79,4.93,5,14
1,0.95,129.00,321.00,4.68,4.93,4.83,41
3,1.00,130.00,46.00,5,5,5,0
3,1.00,180.00,56.00,5,5,5,4
3,1.00,140.00,52.00,5,5,5,1
1,1.00,61.00,6.00,4.78,5,4.67,10
1,0.98,3485.00,0.00,4.91,4.91,5,11
1,1.00,91.00,121.00,4.82,4.73,4.82,11
1,1.00,50.00,35.00,4.83,4.94,4.89,18
1,1.00,68.00,159.00,4.86,4.91,4.94,200
2,0.98,2337.00,5.00,4.72,4.81,4.91,32
1,0.99,40.00,0.00,4.94,4.71,4.94,17
1,0.99,160.00,0.00,5,5,5,1
1,1.00,105.00,232.00,5,4.98,5,45
1,1.00,91.00,41.00,4.83,5,4.67,6
1,1.00,100.00,150.00,4.69,4.88,5,16
1,0.99,66.00,138.00,4.81,4.84,4.92,216
1,0.91,90.00,209.00,4.33,4.67,5,3
1,1.00,60.00,100.00,2,4,5,1
1,1.00,60.00,97.00,4,5,5,1
1,0.75,60.00,149.00,5,5,5,4
1,0.90,122.00,335.00,4.91,4.76,4.91,33
1,0.33,26.00,5.00,4.43,4.57,4.57,7
1,1.00,90.00,109.00,4.83,4.75,4.93,69
1,0.75,30.00,79.00,5,5,5,2
1,0.95,663.00,299.00,5,4.5,5,10
1,1.00,53.00,351.00,4.54,4.61,4.61,28
2,1.00,87.00,351.00,5,5,5,6
1,1.00,39.00,85.00,4.64,4.91,4.91,11
3,0.58,179.00,174.00,4,5,5,1
1,0.97,130.00,0.00,4.83,4.86,4.83,35
1,1.00,90.00,342.00,4.68,4.97,4.94,31
2,0.88,35.00,270.00,4.9,4.91,4.96,103
1,0.00,20.00,180.00,4.67,5,5,0
1,0.14,60.00,362.00,4.67,5,5,3
1,0.50,70.00,263.00,5,4.6,5,5
2,1.00,116.00,0.00,5,5,5,0
1,1.00,128.00,365.00,5,5,5,1
1,1.00,41.00,90.00,4.5,4.5,5,4
1,0.33,200.00,362.00,3.9,4.1,3.9,0
1,0.33,200.00,364.00,3.9,4.1,3.9,0
1,0.99,114.00,220.00,3.9,4.1,3.9,10
1,1.00,49.00,52.00,4.52,4.33,4.76,21
1,1.00,85.00,64.00,5,5,5,4
1,1.00,60.00,179.00,5,5,5,2
2,0.86,40.00,268.00,5,5,5,4
1,1.00,90.00,360.00,4.8,4.6,4.8,5
2,0.00,70.00,179.00,5,5,5,2
1,0.25,40.00,209.00,5,5,5,2
1,1.00,81.00,109.00,4.86,4.94,4.99,134
1,0.92,56.00,0.00,5,5,5,2
1,1.00,82.00,48.00,4.96,4.93,4.99,113
1,1.00,73.00,348.00,4.95,4.85,4.99,148
2,0.91,35.00,76.00,5,5,5,3
1,0.46,65.00,144.00,5,5,5,1
1,0.46,40.00,4.00,5,5,5,0
2,1.00,70.00,0.00,5,5,5,6
1,1.00,47.00,87.00,4.55,4.5,4.77,23
2,0.58,159.00,359.00,4.25,4.25,4.75,4
2,0.58,139.00,361.00,5,5,5,0
1,0.50,60.00,363.00,5,5,5,2
1,0.50,450.00,348.00,5,5,4,1
1,1.00,58.00,323.00,4.74,4.83,4.86,66
1,1.00,70.00,0.00,4.98,5,4.98,65
2,0.19,80.00,355.00,4.43,4.57,4.71,7
1,1.00,61.00,39.00,4.89,4.91,4.93,55
1,1.00,115.00,156.00,4.85,4.98,4.87,56
1,0.00,44.00,114.00,4.85,4.95,4.85,21
1,1.00,53.00,178.00,4.86,4.86,4.86,14
1,1.00,69.00,168.00,4.87,4.89,5,240
1,0.99,93.00,319.00,4.6,4.47,4.73,15
1,0.99,105.00,317.00,4.92,4.83,5,12
1,1.00,53.00,327.00,4.85,4.9,4.92,134
1,0.93,105.00,345.00,4.75,4.74,4.78,68
1,1.00,73.00,148.00,4.94,4.92,4.98,182
1,0.90,67.00,298.00,4.67,4.66,4.86,126
1,0.70,150.00,329.00,5,4.8,5,5
1,0.91,125.00,82.00,4.64,4.82,4.73,11
1,0.97,64.00,340.00,4.84,4.92,4.98,64
2,0.63,70.00,152.00,4.8,4.93,4.87,15
1,0.65,65.00,73.00,4.92,4.92,4.96,26
3,0.61,180.00,307.00,4.97,5,4.9,30
1,0.19,105.00,213.00,4.86,4.93,4.93,15
2,0.61,110.00,240.00,5,5,5,6
2,0.96,84.00,74.00,4.82,4.91,4.93,44
1,1.00,40.00,220.00,4.94,5,4.89,18
2,0.61,150.00,293.00,5,5,5,3
1,0.46,100.00,337.00,5,5,5,17
1,0.95,158.00,343.00,4.93,4.82,4.95,93
1,1.00,41.00,88.00,5,5,5,7
2,1.00,25.00,365.00,5,4,5,0
1,1.00,55.00,365.00,5,4,5,1
1,0.00,50.00,173.00,0,4.75,4.85,1
1,0.26,40.00,100.00,4.95,4.75,4.85,20
1,1.00,261.00,190.00,4.94,4.94,5,49
2,0.60,650.00,356.00,4.91,5,5,11
2,1.00,61.00,301.00,4.37,4.53,4.55,38
1,0.78,75.00,329.00,4.65,4.9,4.65,20
1,1.00,429.00,257.00,3.75,3.63,4.13,8
1,0.83,128.00,178.00,4.67,4.5,4.67,6
1,0.90,125.00,347.00,4.82,4.89,4.94,133
1,1.00,117.00,253.00,4.8,5,5,5
2,1.00,94.00,1.00,4.94,4.96,4.89,142
1,1.00,61.00,145.00,4.85,4.89,4.95,147
1,0.95,90.00,98.00,4.71,4.71,4.82,17
1,1.00,41.00,268.00,4.17,4.67,4.83,6
1,1.00,25.00,266.00,5,5,5,1
1,1.00,98.00,285.00,4.95,4.9,5,40
1,1.00,36.00,0.00,4.75,5,5,8
1,1.00,46.00,155.00,4.61,4.64,4.82,35
1,1.00,59.00,36.00,4.96,5,5,24
2,1.00,140.00,331.00,5,5,5,0
2,1.00,23.00,334.00,5,5,5,4
3,1.00,116.00,352.00,5,5,4.9,0
1,0.99,52.00,2.00,5,5,4.9,10
1,0.99,61.00,344.00,4.86,4.94,4.8,248
1,0.99,60.00,193.00,4.84,4.92,4.87,170
1,0.99,65.00,193.00,4.86,4.93,5,14
1,1.00,117.00,347.00,4,5,4.5,2
1,1.00,117.00,342.00,5,5,5,1
1,0.19,50.00,337.00,4.5,4.5,5,2
1,0.99,7999.00,0.00,4.71,4.48,4.71,31
1,1.00,60.00,1.00,5,5,5,1
1,1.00,50.00,284.00,4.89,5,4.89,19
1,0.88,66.00,171.00,5,5,5,15
1,0.88,31.00,325.00,4.81,4.56,4.89,88
1,0.82,84.00,354.00,4.52,4.45,4.83,29
1,1.00,76.00,16.00,4.77,4.91,4.96,49
1,1.00,60.00,293.00,4.88,4.97,5,34
1,1.00,65.00,162.00,4.73,4.84,4.95,219
1,1.00,55.00,102.00,4.63,4.38,4.5,8
1,0.88,70.00,364.00,4.81,4.78,4.89,27
1,0.50,130.00,207.00,5,5,5,4
2,1.00,38.00,358.00,4.58,4.69,4.44,48
1,1.00,57.00,30.00,4.72,4.9,4.93,29
1,1.00,104.00,102.00,4.72,4.82,4.82,108
1,0.91,139.00,333.00,4.88,4.84,4.92,25
1,0.91,144.00,321.00,4.89,4.83,5,19
3,1.00,46.00,315.00,4.9,4.99,4.96,81
1,0.91,150.00,351.00,4.33,5,3.67,3
3,1.00,48.00,314.00,5,5,5,30
3,1.00,44.00,313.00,4.83,4.96,4.96,24
3,1.00,99.00,272.00,4.96,4.99,5,71
1,1.00,100.00,306.00,4.89,4.91,4.95,169
1,0.99,232.00,332.00,4.84,4.68,4.95,19
1,0.60,75.00,130.00,5,5,5,4
1,1.00,75.00,317.00,4.63,4.92,4.67,24
1,0.96,95.00,143.00,4.81,4.93,4.91,69
2,0.99,86.00,336.00,4.68,4.86,4.84,50
1,0.86,79.00,309.00,4.73,4.78,4.71,90
2,0.99,86.00,333.00,4.62,4.73,4.67,60
2,0.99,86.00,337.00,4.64,4.84,4.73,44
2,0.94,60.00,353.00,4.92,4.92,4.92,39
1,0.99,76.00,219.00,4.47,4.6,4.6,15
1,0.81,90.00,361.00,4.69,4.44,4.81,16
1,1.00,112.00,349.00,4.76,4.76,4.98,42
4,1.00,23.00,177.00,5,5,5,1
4,1.00,23.00,177.00,4.92,4.62,4.85,0
4,1.00,23.00,169.00,4.92,4.62,4.85,0
1,1.00,70.00,209.00,4.92,4.62,4.85,13
1,0.00,51.00,0.00,4.5,4.6,5,10
1,1.00,80.00,365.00,3,4,4.5,2
2,1.00,36.00,69.00,4.88,4.88,4.95,458
1,1.00,63.00,198.00,4.89,5,4.78,9
2,0.94,40.00,91.00,4.64,4.82,4.91,11
2,0.94,60.00,141.00,4.87,5,4.87,15
2,0.94,90.00,114.00,4.8,4.8,4.8,10
2,1.00,36.00,55.00,4.84,4.88,4.91,402
1,0.99,140.00,156.00,4.82,4.76,4.59,17
1,0.99,107.00,114.00,4.86,4.86,4.43,7
1,0.99,76.00,226.00,4.25,4.75,4.25,8
1,1.00,85.00,325.00,4.68,4.41,4.77,22
1,1.00,50.00,0.00,4.96,4.94,4.97,0
1,1.00,49.00,0.00,4.96,4.94,4.97,107
1,0.86,69.00,236.00,4.8,4.8,4.9,10
1,1.00,60.00,25.00,4.65,4.85,4.9,60
1,0.00,55.00,363.00,1,1,1,2
1,0.98,33.00,0.00,4.25,3.25,4.63,0
1,0.98,150.00,0.00,4.25,3.25,4.63,8
2,0.62,218.00,0.00,4.9,4.94,4.9,0
1,0.62,96.00,291.00,4.9,4.94,4.9,154
2,0.62,60.00,354.00,5,5,5,2
1,0.98,132.00,353.00,4.57,4.71,5,7
1,0.62,90.00,355.00,5,5,5,3
1,1.00,300.00,84.00,4.4,4.2,5,0
1,1.00,150.00,0.00,4.4,4.2,5,5
1,1.00,47.00,8.00,4.83,4.83,5,6
2,1.00,60.00,0.00,5,4.83,4.92,0
1,1.00,114.00,265.00,5,4.83,4.92,12
2,1.00,70.00,0.00,5,5,5,0
2,1.00,70.00,0.00,5,5,5,1
1,1.00,92.00,307.00,4.84,4.91,4.84,102
1,1.00,53.00,101.00,4.97,4.95,5,64
1,0.96,90.00,319.00,4.9,4.82,4.87,39
1,1.00,62.00,173.00,4.84,4.79,4.89,19
2,1.00,23.00,361.00,4,5,4,1
1,1.00,90.00,36.00,5,5,4,1
2,0.83,45.00,167.00,4.97,5,4.97,31
1,1.00,90.00,0.00,5,5,4,1
1,1.00,120.00,0.00,4.94,4.95,4.98,0
1,1.00,51.00,63.00,4.94,4.95,4.98,64
1,1.00,49.00,105.00,4.92,4.88,4.98,64
1,1.00,55.00,0.00,4.89,4.91,4.84,45
1,0.96,76.00,245.00,4.5,4.47,4.75,32
1,1.00,20.00,45.00,4.52,4.29,4.81,0
1,1.00,47.00,164.00,4.52,4.29,4.81,21
1,0.00,35.00,0.00,4.81,4.57,4.95,21
1,0.00,51.00,87.00,4.37,4.56,4.54,127
1,0.00,111.00,53.00,4.85,4.92,4.92,13
1,1.00,160.00,348.00,4.6,4.4,5,5
1,0.87,50.00,0.00,5,4.5,4.5,2
1,0.87,119.00,89.00,4.9,4.87,4.85,39
1,1.00,54.00,266.00,4.7,4.9,4.8,11
1,0.71,105.00,66.00,4.97,4.93,4.93,59
1,1.00,70.00,1.00,4.93,5,5,30
1,1.00,35.00,344.00,4.89,4.97,4.89,36
1,0.98,27.00,269.00,4.62,4.71,4.72,108
1,0.98,99.00,127.00,4.85,4.95,4.95,39
2,0.33,180.00,352.00,4.44,4.11,4.78,0
1,0.95,66.00,254.00,4.44,4.11,4.78,9
1,0.93,55.00,49.00,4.88,4.62,5,26
3,1.00,105.00,142.00,4.86,5,5,23
1,0.25,70.00,0.00,5,5,5,4
1,0.25,70.00,330.00,5,5,5,2
1,0.00,34.00,114.00,4.1,4.1,4.7,10
2,0.00,25.00,364.00,5,5,5,1
1,1.00,90.00,0.00,4.93,4.67,4.96,27
1,0.99,103.00,87.00,4.67,5,4.67,6
1,1.00,100.00,0.00,4.86,4.78,4.92,0
1,1.00,50.00,56.00,4.86,4.78,4.92,37
1,0.40,30.00,334.00,4.63,4.38,4.88,16
2,0.60,80.00,87.00,5,5,5,1
1,1.00,160.00,312.00,5,5,5,87
1,1.00,110.00,180.00,4.91,5,4.94,32
2,0.00,350.00,329.00,5,5,5,5
2,0.85,50.00,171.00,4.97,4.97,4.97,36
1,1.00,100.00,167.00,4.87,4.98,4.83,53
1,1.00,80.00,25.00,5,4.86,4.71,7
1,1.00,89.00,359.00,4.71,4.71,4.5,14
1,1.00,91.00,327.00,4.97,5,4.9,104
1,1.00,94.00,232.00,4.98,4.96,4.94,89
2,0.60,85.00,0.00,5,5,5,1
1,0.60,150.00,359.00,5,5,5,2
1,1.00,80.00,0.00,5,5,5,1
1,1.00,57.00,178.00,4.71,4.83,4.93,41
2,1.00,90.00,163.00,5,5,5,3
1,1.00,60.00,322.00,4.92,4.84,4.96,25
1,1.00,40.00,58.00,4.89,5,4.83,18
1,0.83,82.00,334.00,4.8,4.83,4.91,65
2,1.00,60.00,0.00,5,4.8,5,5
1,0.94,60.00,349.00,4.91,4.87,4.98,46
1,0.05,40.00,170.00,4.71,4.86,4.71,7
1,1.00,60.00,189.00,4.89,4.88,4.98,81
1,0.60,36.00,0.00,4.8,4.56,5,25
1,1.00,54.00,163.00,4.58,4.71,4.81,150
1,1.00,55.00,0.00,4.81,4.88,4.91,32
1,1.00,59.00,170.00,5,5,5,10
1,1.00,86.00,364.00,4.5,5,4.67,6
1,1.00,159.00,179.00,4.75,4.75,5,4
1,1.00,85.00,0.00,4.91,4.91,4.94,34
1,0.99,84.00,140.00,4.99,4.99,4.93,68
2,1.00,93.00,154.00,4.98,4.96,4.89,47
2,1.00,89.00,163.00,4.79,4.95,4.95,82
1,1.00,61.00,76.00,4.47,4.56,4.74,114
1,0.98,85.00,336.00,4.88,4.95,4.97,76
1,0.99,118.00,77.00,4.25,4.92,4.83,12
1,1.00,73.00,0.00,4.87,4.97,4.92,38
1,0.99,73.00,224.00,4.99,5,4.99,85
1,0.75,93.00,72.00,4.83,5,5,6
3,1.00,170.00,0.00,5,5,5,8
1,1.00,49.00,72.00,4.85,4.91,4.84,205
1,0.99,65.00,0.00,4.96,4.96,5,23
1,0.99,7999.00,0.00,4.4,4.4,4.56,25
1,1.00,92.00,357.00,4.8,4.6,5,5
1,1.00,65.00,316.00,4.95,4.97,5,206
1,0.75,82.00,201.00,4.69,4.92,4.85,13
1,0.86,69.00,236.00,4.5,5,5,4
1,0.70,103.00,188.00,4.82,4.95,4.64,23
1,0.86,155.00,236.00,5,5,5,1
1,0.87,79.00,356.00,4.71,4.86,5,7
1,0.99,84.00,147.00,4.97,4.99,4.93,72
2,0.95,84.00,321.00,4.84,4.85,4.67,55
2,0.93,60.00,106.00,4.69,5,4.56,16
1,0.90,583.00,365.00,4.88,5,5,8
1,0.90,129.00,339.00,4.97,4.97,4.97,37
1,0.90,129.00,314.00,4.98,4.98,4.95,44
1,0.95,35.00,162.00,4.89,4.94,4.89,85
1,1.00,38.00,85.00,4.85,4.81,4.78,27
1,0.90,126.00,301.00,4.87,4.89,4.93,46
1,0.90,112.00,341.00,4.73,4.81,4.85,26
1,0.90,114.00,347.00,4.93,4.96,4.97,74
1,0.85,55.00,0.00,4.77,4.88,4.96,26
1,1.00,124.00,274.00,5,5,5,5
1,0.99,41.00,355.00,4.93,4.95,4.97,119
2,0.74,23.00,124.00,4.58,4.73,4.73,26
1,0.91,90.00,0.00,5,5,5,1
1,0.91,10.00,0.00,4.83,5,4.83,6
1,0.70,70.00,268.00,4.5,5,5,2
2,0.70,65.00,153.00,5,5,5,5
2,0.70,45.00,122.00,5,5,5,4
1,0.99,134.00,25.00,4.19,4.5,4.54,26
1,1.00,120.00,1.00,4.63,4.87,4.94,0
2,1.00,45.00,272.00,4.63,4.87,4.94,126
1,0.91,61.00,175.00,4.86,5,5,21
2,0.99,35.00,313.00,4.64,4.57,4.86,255
2,1.00,58.00,364.00,0,4.9,4.9,1
1,1.00,40.00,343.00,4.74,4.9,4.9,88
1,1.00,40.00,349.00,4.95,4.97,4.97,78
1,1.00,89.00,175.00,4.82,4.78,4.84,49
1,1.00,56.00,301.00,4.93,5,5,0
3,1.00,72.00,120.00,4.93,5,5,15
1,1.00,75.00,0.00,4.71,4.86,5,7
1,1.00,53.00,287.00,4.78,4.72,4.89,36
1,1.00,60.00,364.00,5,4,4,1
1,1.00,149.00,312.00,5,5,5,18
1,0.96,49.00,360.00,4.75,4.5,4.83,13
2,0.62,90.00,355.00,4.5,4,5,0
1,0.90,105.00,365.00,4.5,4,5,2
1,1.00,87.00,329.00,4.59,4.41,4.54,46
2,1.00,80.00,89.00,5,5,5,1
1,1.00,129.00,101.00,5,5,5,1
1,1.00,79.00,357.00,4.78,4.84,4.96,45
1,1.00,54.00,50.00,4.69,4.89,4.87,55
1,0.75,50.00,228.00,4.93,4.96,4.93,0
1,1.00,188.00,251.00,4.93,4.96,4.93,28
1,0.00,25.00,351.00,4.25,3.25,4.75,4
1,0.60,80.00,43.00,5,5,5,1
1,0.73,80.00,350.00,3.75,3.25,4,5
2,0.86,58.00,357.00,4.84,4.86,4.91,69
1,0.94,94.00,177.00,4.53,4.55,4.76,38
1,0.98,141.00,0.00,4.67,4.17,5,6
1,0.98,59.00,50.00,4.9,4.93,4.98,155
1,0.55,50.00,176.00,5,5,5,6
1,0.99,180.00,31.00,4.78,4.88,4.88,32
1,0.71,30.00,47.00,4.32,4,4.68,22
1,0.99,100.00,358.00,4.89,4.95,4.91,56
1,0.86,115.00,156.00,5,5,4.83,6
1,1.00,113.00,329.00,4.93,4.93,4.87,15
1,1.00,87.00,352.00,5,4.98,4.96,48
1,1.00,20.00,0.00,4.67,4.67,4.67,3
1,1.00,35.00,2.00,5,4.89,5,35
1,1.00,229.00,92.00,4.86,4.73,4.82,22
2,1.00,39.00,364.00,5,5,5,0
1,1.00,120.00,238.00,5,5,5,6
1,0.88,61.00,173.00,4.96,4.89,4.96,74
3,0.88,72.00,263.00,5,5,4,1
1,0.88,48.00,358.00,4.84,4.89,4.84,19
1,1.00,102.00,89.00,4.83,4.89,4.94,35
1,0.75,50.00,362.00,5,4.71,5,7
1,0.97,35.00,1.00,5,4.91,5,11
1,0.97,87.00,9.00,4.82,5,4.92,51
1,0.99,100.00,342.00,4.49,3.99,4.83,70
1,1.00,58.00,74.00,4.97,5,4.97,38
3,0.67,165.00,204.00,4.67,4.67,5,4
3,0.67,200.00,205.00,4.88,4.88,5,0
1,1.00,73.00,140.00,4.88,4.88,5,8
1,1.00,35.00,47.00,4.98,4.98,5,48
1,1.00,59.00,101.00,4.93,4.87,5,15
1,1.00,51.00,3.00,4.68,4.57,4.86,28
1,0.99,100.00,265.00,4.67,4.33,5,6
1,0.99,92.00,309.00,4.87,4.88,4.85,68
1,1.00,69.00,89.00,4,5,5,1
1,1.00,100.00,275.00,5,5,4.98,96
1,0.00,120.00,250.00,5,5,5,1
1,1.00,69.00,85.00,4.95,4.91,4.93,82
1,0.90,90.00,237.00,5,5,4.8,5
1,0.99,90.00,321.00,4.79,4.89,4.95,63
1,0.98,86.00,110.00,4.98,5,4.98,60
1,1.00,58.00,68.00,4.94,4.82,5,33
1,0.00,60.00,0.00,4.75,4.83,4.92,12
1,0.75,101.00,0.00,5,4.89,5,9
1,0.75,69.00,208.00,5,4.96,5,26
2,1.00,34.00,146.00,4.88,5,5,8
1,1.00,65.00,358.00,5,5,5,0
2,1.00,132.00,297.00,5,5,5,4
1,1.00,50.00,0.00,4.89,4.78,5,9
2,1.00,155.00,307.00,4.9,5,5,10
2,1.00,189.00,310.00,5,5,5,1
1,1.00,40.00,0.00,4.86,4.82,4.95,22
1,1.00,30.00,0.00,5,4,5,1
1,0.99,158.00,93.00,4.52,4.48,4.76,22
1,0.00,129.00,107.00,3.67,4.67,5,3
1,0.98,111.00,94.00,4.75,5,4.63,8
1,0.98,100.00,89.00,4.86,5,4.64,14
2,1.00,103.00,7.00,4.93,4.98,4.95,43
1,0.94,58.00,145.00,4.99,5,5,72
1,1.00,134.00,320.00,4.91,4.91,4.91,45
1,1.00,79.00,85.00,4.81,5,4.9,21
1,1.00,100.00,360.00,4.85,4.9,5,39
1,1.00,70.00,237.00,4.84,4.94,4.88,82
1,1.00,80.00,60.00,5,4,5,0
1,1.00,143.00,38.00,5,4,5,1
2,0.96,58.00,87.00,4.85,4.91,4.97,34
1,1.00,50.00,348.00,4.54,4.46,4.83,35
1,0.91,97.00,121.00,4.38,5,4.63,8
1,0.91,70.00,65.00,4.76,4.71,4.95,0
1,0.91,22.00,365.00,4.76,4.71,4.95,0
1,0.44,70.00,73.00,4.76,4.71,4.95,21
1,1.00,70.00,24.00,5,5,4.87,15
1,1.00,200.00,53.00,4.87,4.78,4.91,23
1,1.00,50.00,0.00,4.83,4.75,5,12
1,0.83,86.00,109.00,4.93,4.64,4.79,14
1,1.00,55.00,268.00,4.5,4.94,4.81,16
1,1.00,66.00,319.00,4.97,5,4.99,239
1,0.97,55.00,0.00,4.6,4.7,4.9,0
1,0.97,65.00,77.00,4.6,4.7,4.9,10
1,1.00,90.00,99.00,4.9,4.94,4.88,49
1,0.97,64.00,341.00,4.8,4.87,4.95,86
1,1.00,106.00,79.00,5,5,5,10
1,1.00,80.00,83.00,4.75,4.88,4.88,0
1,1.00,89.00,0.00,4.75,4.88,4.88,8
1,0.91,77.00,152.00,5,4.9,5,21
1,0.60,48.00,237.00,4.6,5,4.8,5
2,1.00,52.00,328.00,4.84,5,4.94,31
1,0.33,750.00,174.00,5,5,5,4
1,0.87,254.00,29.00,4.93,4.82,5,28
1,1.00,120.00,171.00,4.56,4.56,4.78,9
1,1.00,35.00,324.00,4.56,4.89,4.78,9
2,1.00,74.00,107.00,5,5,5,8
1,1.00,37.00,8.00,4.7,5,5,10
1,0.00,100.00,83.00,4.75,4.92,4.92,0
1,1.00,70.00,3.00,4.75,4.92,4.92,12
1,0.98,151.00,0.00,4.62,4.74,4.75,0
1,1.00,109.00,238.00,4.62,4.74,4.75,76
1,1.00,80.00,362.00,4.33,4.33,4,3
1,0.60,40.00,358.00,4.5,4.5,4.5,2
1,1.00,100.00,173.00,4.5,4.38,4.88,8
1,1.00,98.00,348.00,4.52,4.62,4.76,21
1,1.00,40.00,3.00,4.87,4.93,5,15
1,0.00,49.00,25.00,4.88,4.75,4.75,8
1,0.93,66.00,359.00,4.73,4.82,4.82,12
1,1.00,82.00,365.00,4.67,5,4.67,3
1,1.00,45.00,345.00,4.9,5,4.95,20
1,0.00,60.00,83.00,5,5,5,1
1,0.60,80.00,362.00,4.5,4,4.5,2
2,0.67,60.00,90.00,4,3.67,4.67,3
1,0.60,70.00,362.00,4.75,4.25,4.75,4
1,0.60,50.00,358.00,4.4,4,5,5
1,0.97,95.00,234.00,4.9,5,4.9,30
1,0.86,36.00,164.00,5,5,5,7
1,0.99,129.00,81.00,4.56,4.81,4.44,16
2,0.97,65.00,152.00,4.63,4.46,4.84,57
1,0.99,50.00,321.00,4.6,4.6,4.5,20
1,1.00,85.00,320.00,4.96,4.77,4.92,26
1,0.99,129.00,90.00,4.5,4.9,4.4,10
1,0.70,50.00,121.00,4.94,5,4.94,18
1,0.88,40.00,3.00,4.38,4.77,4.69,13
1,1.00,257.00,21.00,4.5,5,5,2
2,1.00,70.00,73.00,5,5,4.5,3
1,0.91,38.00,231.00,4.89,4.79,4.89,19
1,0.81,63.00,137.00,5,5,5,10
1,0.97,67.00,0.00,5,5,4.88,8
1,0.76,67.00,2.00,4.85,4.88,4.92,158
1,0.76,142.00,334.00,4.53,4.71,4.68,36
1,1.00,100.00,323.00,4.71,4.63,4.95,93
1,1.00,40.00,72.00,4.85,4.71,4.88,34
2,1.00,79.00,264.00,5,5,5,1
1,1.00,40.00,0.00,4.83,5,5,12
2,0.00,45.00,261.00,5,5,5,0
1,0.00,55.00,28.00,5,5,5,1
2,1.00,80.00,175.00,5,5,5,1
1,1.00,70.00,315.00,4.75,4.86,4.87,93
1,0.39,141.00,179.00,4.89,4.97,4.99,0
1,0.97,60.00,327.00,4.89,4.97,4.99,71
1,1.00,65.00,302.00,4.88,5,4.96,112
1,1.00,127.00,247.00,4.99,4.96,4.95,76
1,0.81,50.00,137.00,4.94,5,4.81,16
1,1.00,80.00,150.00,4.69,4.69,4.88,16
1,0.50,80.00,83.00,5,4.5,5,2
1,1.00,57.00,361.00,4.82,4.64,4.95,22
1,0.83,37.00,299.00,4.5,3.5,5,2
1,0.83,40.00,363.00,5,5,5,2
1,0.88,85.00,0.00,5,5,5,2
1,0.88,55.00,270.00,4.98,4.98,4.98,51
1,0.94,12.00,330.00,4.52,4.86,4.71,0
1,0.94,16.00,358.00,4.52,4.86,4.71,0
1,0.94,40.00,173.00,4.52,4.86,4.71,21
1,1.00,69.00,16.00,5,4.5,5,3
1,0.00,75.00,363.00,5,4.67,5,3
1,1.00,56.00,84.00,4.85,4.95,4.92,188
1,1.00,58.00,308.00,4.47,4.18,4.92,90
1,1.00,160.00,336.00,5,5,5,60
1,0.83,80.00,334.00,4.67,4.75,4.77,52
1,0.77,80.00,0.00,4.75,4.75,4.75,0
1,0.77,37.00,79.00,4.75,4.75,4.75,16
1,1.00,60.00,145.00,4.94,4.88,4.97,32
1,1.00,96.00,256.00,4.6,4,4.6,5
1,1.00,55.00,241.00,5,5,4.9,0
1,1.00,82.00,58.00,5,5,4.9,10
1,0.50,130.00,55.00,4.67,5,5,3
1,0.76,90.00,315.00,4.33,4.67,5,3
1,1.00,33.00,283.00,5,4.75,5,4
2,1.00,50.00,329.00,5,5,5,4
1,1.00,82.00,72.00,4.67,4.67,5,6
1,0.50,42.00,268.00,4,4,4,2
1,0.89,43.00,346.00,4.75,4.54,4.83,24
1,1.00,65.00,0.00,4.86,4.95,4.95,21
1,0.99,150.00,220.00,4.8,4.89,4.79,56
1,0.99,83.00,277.00,4,3.43,4.43,7
1,1.00,85.00,54.00,4.44,4.44,4.48,27
1,1.00,69.00,99.00,4.9,4.9,4.94,51
1,0.92,80.00,360.00,5,5,5,1
1,0.92,80.00,303.00,5,4.88,4.94,17
1,1.00,94.00,319.00,5,5,5,2
2,0.58,149.00,365.00,4.91,4.91,5,0
1,0.95,60.00,339.00,4.91,4.91,5,33
1,1.00,40.00,0.00,2,2,3,2
1,1.00,50.00,332.00,4.92,5,4.82,38
1,1.00,119.00,0.00,5,5,5,2
1,1.00,119.00,0.00,5,5,5,3
1,0.14,25.00,30.00,4.83,4.95,4.88,40
1,0.14,103.00,265.00,5,5,5,3
1,0.86,80.00,195.00,4.78,4.96,5,23
1,0.75,60.00,211.00,4.81,4.95,4.95,21
1,0.68,55.00,359.00,4.48,4.65,4.83,23
1,0.80,40.00,0.00,5,5,4.67,6
1,0.80,97.00,89.00,5,5,5,3
1,1.00,152.00,352.00,5,5,5,7
1,0.94,35.00,1.00,4.75,5,5,4
2,0.94,42.00,246.00,4.55,4.55,4.55,20
1,1.00,91.00,179.00,4.89,4.75,4.91,44
1,0.98,68.00,0.00,5,5,5,4
1,0.98,259.00,267.00,5,4.98,4.95,44
1,1.00,100.00,291.00,0,4.95,4.98,1
1,1.00,67.00,304.00,4.89,4.95,4.98,109
2,1.00,40.00,72.00,2,5,5,1
2,1.00,40.00,329.00,5,5,5,1
4,0.00,25.00,88.00,5,4.83,5,0
1,1.00,75.00,151.00,5,4.83,5,6
1,0.99,63.00,250.00,5,4.5,5,4
2,0.00,23.00,179.00,5,4.67,5,0
1,0.40,70.00,177.00,5,4.67,5,3
1,1.00,70.00,175.00,4.76,4.64,4.88,25
1,1.00,78.00,1.00,4,5,4.5,2
1,0.33,100.00,264.00,5,5,5,1
1,0.33,850.00,358.00,0,4.89,4.95,0
2,0.46,15.00,0.00,0,4.89,4.95,1
1,0.99,103.00,307.00,4.83,4.89,4.95,129
2,0.99,90.00,268.00,5,5,5,2
1,1.00,66.00,128.00,4.68,4.73,4.92,96
1,0.88,55.00,261.00,4.93,4.89,4.93,28
1,1.00,45.00,164.00,4.63,4.51,4.77,35
2,0.99,80.00,340.00,5,5,5,1
1,0.80,81.00,360.00,4.25,3.75,5,4
1,0.50,90.00,223.00,4.89,4.89,5,9
1,0.39,75.00,0.00,5,5,5,0
1,0.98,132.00,351.00,5,5,5,4
2,0.88,50.00,0.00,5,4.9,4.9,10
1,1.00,135.00,263.00,4.88,4.8,4.98,50
1,1.00,93.00,270.00,4.96,4.84,4.88,57
1,0.99,137.00,250.00,4,5,3,1
1,0.99,73.00,229.00,4.33,5,4.33,3
1,0.99,130.00,260.00,5,5,5,0
1,1.00,80.00,365.00,5,5,5,1
2,1.00,41.00,167.00,4.87,4.96,4.96,23
1,0.76,128.00,355.00,4.92,4.83,4.92,12
1,1.00,130.00,120.00,5,5,5,1
1,0.00,40.00,0.00,5,5,5,0
1,0.00,50.00,89.00,5,5,5,2
1,1.00,98.00,175.00,4.7,4.74,4.82,57
1,0.00,30.00,83.00,4.86,5,5,7
1,0.99,103.00,121.00,2,4,5,1
1,0.75,63.00,267.00,4.5,4,4.5,2
1,0.67,65.00,88.00,4.8,4.8,4.8,10
1,0.94,80.00,361.00,4.27,4.09,4.73,11
1,1.00,80.00,356.00,4.9,5,5,10
1,0.97,75.00,68.00,4.67,5,5,3
1,1.00,97.00,272.00,4.95,4.91,4.93,44
2,0.33,35.00,85.00,5,4,4.5,2
1,1.00,67.00,246.00,4.96,5,4.96,0
1,1.00,114.00,343.00,4.96,5,4.96,0
2,1.00,98.00,329.00,4.96,5,4.96,24
1,0.98,104.00,334.00,4.75,4.5,5,4
2,0.33,50.00,178.00,5,5,5,0
1,0.25,191.00,0.00,5,5,5,1
2,0.44,30.00,143.00,4.8,4.2,4.8,5
1,0.25,40.00,82.00,4,3.5,5,0
1,1.00,100.00,89.00,4,3.5,5,2
1,0.62,150.00,293.00,5,5,5,2
1,0.91,111.00,349.00,5,4.91,4.96,46
1,1.00,134.00,15.00,4.95,4.91,5,22
1,1.00,160.00,328.00,4.5,5,5,2
1,1.00,80.00,47.00,4.67,4.67,4.5,6
1,1.00,95.00,0.00,5,5,5,1
1,1.00,89.00,161.00,4.22,4.6,4.76,50
1,1.00,93.00,259.00,4.97,4.95,4.91,77
1,0.00,109.00,234.00,5,5,5,2
1,0.80,22.00,268.00,4.71,4.43,5,7
1,0.80,60.00,264.00,4.88,5,4.88,8
1,0.95,79.00,348.00,4.67,4.11,4.78,9
1,1.00,95.00,170.00,4.78,4.84,4.84,37
1,0.98,38.00,100.00,4.88,4.9,4.97,67
1,0.98,150.00,349.00,4.89,4.79,4.89,19
1,0.99,94.00,325.00,5,5,5,4
1,0.97,65.00,151.00,4.67,5,5,3
1,0.97,68.00,156.00,4.67,5,5,3
1,1.00,80.00,365.00,4.94,4.9,4.99,0
1,1.00,80.00,365.00,4.94,4.9,4.99,0
1,1.00,72.00,354.00,4.94,4.9,4.99,69
2,0.00,27.00,237.00,4,4,4,1
1,0.55,440.00,350.00,4.69,4.85,4.69,13
1,0.67,111.00,349.00,5,5,5,2
1,0.33,95.00,260.00,4.5,4.5,4.5,2
1,1.00,35.00,137.00,4.7,4.6,4.7,0
1,0.99,3510.00,0.00,4.7,4.6,4.7,10
1,0.82,103.00,337.00,5,4,5,1
1,0.87,72.00,346.00,5,4.89,5,19
2,0.95,84.00,320.00,4.75,5,4.5,4
1,0.00,45.00,131.00,4.95,5,4.94,0
2,1.00,39.00,118.00,4.95,5,4.94,214
2,0.96,35.00,0.00,4.25,4.25,4.25,4
1,1.00,92.00,182.00,4.88,5,4.86,0
1,1.00,169.00,286.00,4.88,5,4.86,49
1,1.00,160.00,305.00,4.85,5,4.88,26
1,1.00,62.00,235.00,4.91,4.97,4.93,98
1,0.33,30.00,358.00,4.67,5,5,3
1,1.00,110.00,104.00,5,4.7,4.85,20
2,1.00,40.00,317.00,5,5,4.97,38
1,1.00,41.00,362.00,4.67,4.33,4.67,0
2,1.00,23.00,333.00,4.67,4.33,4.67,3
1,1.00,59.00,70.00,4.88,4.98,4.98,43
1,1.00,50.00,324.00,4.77,4.77,5,13
1,1.00,46.00,348.00,5,5,5,6
1,0.89,167.00,205.00,5,4.75,5,4
1,1.00,250.00,268.00,5,5,5,1
1,0.96,44.00,361.00,4.76,4.76,4.84,25
2,0.95,84.00,149.00,4.5,5,4.5,4
1,0.80,48.00,35.00,5,4.33,5,3
2,0.95,84.00,160.00,5,5,5,2
1,0.67,49.00,25.00,5,5,5,2
1,0.90,110.00,338.00,3,2,2,0
1,0.94,100.00,263.00,3,2,2,0
1,0.39,114.00,25.00,3,2,2,1
1,1.00,38.00,346.00,4.67,4.67,4.67,3
1,0.00,30.00,358.00,4.5,4.83,5,0
1,1.00,88.00,345.00,4.5,4.83,5,12
1,0.90,100.00,325.00,5,5,5,2
1,0.86,48.00,168.00,4.75,5,5,16
1,1.00,160.00,180.00,4.5,5,5,0
1,1.00,120.00,94.00,4.5,5,5,0
1,0.81,330.00,181.00,4.5,5,5,4
1,0.96,80.00,319.00,5,5,5,1
1,0.96,73.00,297.00,5,5,5,3
1,0.96,80.00,239.00,5,5,5,8
1,0.00,51.00,0.00,4.82,5,4.88,0
1,0.98,90.00,343.00,4.82,5,4.88,17
1,0.93,102.00,108.00,4.94,4.94,5,16
2,0.81,114.00,335.00,4.86,4.93,4.93,14
1,0.93,66.00,327.00,5,5,5,3
1,1.00,37.00,300.00,4.69,4.75,4.94,16
1,0.50,116.00,104.00,4.92,4.97,4.95,0
1,0.50,121.00,100.00,4.92,4.97,4.95,0
1,1.00,50.00,364.00,4.92,4.97,4.95,0
1,1.00,99.00,241.00,4.92,4.97,4.95,0
2,0.81,107.00,348.00,4.92,4.97,4.95,79
1,0.05,150.00,179.00,4.68,4.56,4.85,0
1,0.83,86.00,309.00,4.68,4.56,4.85,41
1,0.00,39.00,0.00,4,4,4.5,2
1,0.83,65.00,363.00,5,5,5,2
1,1.00,101.00,40.00,5,4.96,4.92,25
1,0.92,80.00,87.00,4.5,5,4.7,10
1,0.95,120.00,171.00,4.94,4.86,4.83,35
1,1.00,37.00,178.00,4,5,5,1
1,0.39,138.00,213.00,5,5,5,0
1,1.00,130.00,327.00,5,5,5,8
1,1.00,130.00,278.00,4.93,4.87,5,15
1,1.00,130.00,325.00,4.9,4.9,4.9,10
1,0.99,120.00,357.00,4.7,4.75,4.82,61
1,0.87,69.00,54.00,5,5,5,1
1,0.96,35.00,0.00,4.77,4.49,4.94,35
1,0.87,44.00,364.00,5,5,5,0
1,0.87,74.00,56.00,5,5,5,0
1,0.87,57.00,51.00,5,5,5,2
1,0.87,59.00,56.00,3.67,3.67,3.5,6
1,0.87,59.00,56.00,4,4,4.5,2
1,0.96,73.00,311.00,4.94,5,4.94,16
1,0.96,73.00,265.00,4.88,4.88,5,8
1,0.96,80.00,309.00,5,5,5,5
1,1.00,250.00,356.00,3.5,3,3,2
2,0.81,114.00,340.00,5,5,5,4
1,1.00,50.00,90.00,5,4.97,5,0
1,1.00,117.00,346.00,5,4.97,5,30
2,1.00,66.00,178.00,5,5,5,1
1,0.99,48.00,57.00,4.58,4.69,4.62,26
1,1.00,103.00,258.00,4.85,5,4.82,34
1,0.98,118.00,97.00,3.63,3.75,4,8
1,1.00,103.00,260.00,4.86,4.83,4.88,76
1,1.00,120.00,227.00,4.97,4.92,4.89,118
1,1.00,66.00,63.00,4.25,4.75,5,4
1,0.86,125.00,178.00,5,5,5,1
1,0.86,67.00,171.00,4.89,4.89,5,18
1,1.00,62.00,143.00,4.93,5,4.8,15
1,1.00,97.00,343.00,4.91,4.97,4.98,58
1,0.68,95.00,17.00,4.83,5,5,6
1,1.00,60.00,261.00,4,4.4,4.6,5
1,1.00,181.00,66.00,4.86,4.43,5,0
2,1.00,91.00,365.00,4.86,4.43,5,0
1,0.77,40.00,178.00,4.86,4.43,5,7
1,0.66,56.00,60.00,4.91,4.82,4.91,11
1,1.00,79.00,307.00,4.25,4.5,4.5,4
1,0.94,100.00,126.00,5,5,5,2
1,1.00,68.00,126.00,4.97,5,4.97,34
1,1.00,85.00,365.00,4.75,4.88,4.63,8
1,0.50,50.00,268.00,5,5,5,0
1,0.50,250.00,140.00,5,5,5,2
1,0.75,25.00,141.00,4,4,4,1
2,0.67,110.00,80.00,5,5,5,3
2,1.00,71.00,229.00,5,5,5,3
1,1.00,63.00,82.00,4.81,4.81,4.89,37
1,1.00,98.00,0.00,4.6,4,4.9,10
1,0.68,95.00,17.00,5,5,5,3
2,0.96,67.00,175.00,4.68,4.74,5,19
1,0.95,109.00,171.00,4.72,4.79,4.76,29
1,1.00,95.00,168.00,4.76,4.86,4.92,37
1,0.00,69.00,0.00,5,4.5,5,2
1,0.94,240.00,158.00,5,4.76,4.94,17
1,1.00,93.00,268.00,4.86,4.71,5,7
1,0.95,85.00,175.00,4.71,5,4.71,7
1,1.00,95.00,74.00,5,4.97,5,31
2,0.99,29.00,74.00,4.54,4.62,4.74,39
1,0.90,150.00,162.00,5,4,4,1
1,0.90,60.00,364.00,4.5,4.2,4.8,10
1,1.00,35.00,1.00,5,5,5,9
1,0.94,59.00,33.00,4.87,4.94,4.98,62
1,0.97,90.00,113.00,4.96,4.83,4.78,23
1,1.00,37.00,277.00,4.65,4.62,4.92,26
1,0.33,90.00,268.00,3.5,4,4,2
2,0.99,26.00,61.00,4.69,4.86,4.77,35
1,0.99,65.00,333.00,4.76,4.84,4.93,55
1,0.99,2427.00,3.00,4.63,4.63,4.75,8
1,1.00,100.00,258.00,4.8,4.88,5,25
1,1.00,65.00,355.00,4.5,5,5,2
1,1.00,120.00,217.00,4.78,4.84,4.94,97
1,0.86,150.00,365.00,4.98,5,4.98,0
2,0.97,68.00,362.00,4.98,5,4.98,48
2,0.93,31.00,2.00,4.98,4.95,4.95,64
1,1.00,44.00,325.00,4.73,4.27,4.92,26
2,0.50,28.00,0.00,4.2,4,4.8,0
2,0.50,95.00,179.00,4.2,4,4.8,5
2,0.50,95.00,180.00,4.67,4.67,5,3
2,0.50,150.00,179.00,4,4,5,2
1,0.94,121.00,365.00,4.75,4.33,4.92,12
1,1.00,69.00,329.00,4.43,3.86,4.93,14
1,1.00,80.00,79.00,4.94,4.69,5,17
1,0.94,92.00,365.00,4.88,4.63,4.88,8
1,0.98,55.00,355.00,4.94,5,4.97,32
1,0.98,56.00,356.00,4.83,5,4.92,24
1,1.00,60.00,8.00,4.86,4.84,4.91,44
1,1.00,42.00,0.00,5,5,5,1
1,1.00,125.00,248.00,5,5,5,13
1,1.00,62.00,89.00,4.69,4.96,4.77,26
1,1.00,59.00,0.00,3,3,3,2
1,1.00,77.00,365.00,5,5,5,4
1,1.00,139.00,365.00,4.83,4.67,5,0
1,1.00,125.00,365.00,4.83,4.67,5,0
1,1.00,15960.00,365.00,4.83,4.67,5,0
2,0.71,25.00,84.00,4.83,4.67,5,0
1,0.50,50.00,256.00,4.83,4.67,5,6
1,1.00,59.00,327.00,4.8,5,5,5
1,0.05,80.00,364.00,4,5,5,0
1,0.75,40.00,362.00,4,5,5,1
1,1.00,110.00,179.00,4,4,4,1
1,1.00,164.00,32.00,5,5,5,5
1,1.00,50.00,0.00,4.33,4.33,4.33,3
1,1.00,143.00,181.00,3,3,3,1
1,1.00,157.00,195.00,4.8,5,5,5
1,0.99,3485.00,5.00,4.67,4,5,3
1,0.94,39.00,0.00,5,5,5,1
1,0.94,73.00,365.00,4.67,5,5,0
1,1.00,40.00,0.00,4.67,5,5,3
1,1.00,65.00,34.00,4.57,4.57,4.79,14
1,0.96,40.00,0.00,4.75,4.81,5,0
2,0.96,74.00,86.00,4.75,4.81,5,16
2,0.96,74.00,85.00,4.85,4.92,4.77,13
2,0.96,54.00,79.00,4.86,4.93,4.93,14
1,0.96,64.00,349.00,4.86,4.77,4.95,22
1,0.81,300.00,76.00,4.92,4.77,4.92,13
2,0.94,93.00,62.00,4.1,4.67,4.48,21
1,0.33,70.00,268.00,4.86,5,5,0
1,0.00,90.00,329.00,4.86,5,5,7
2,0.94,91.00,83.00,4.3,4.7,4.7,10
1,1.00,25.00,268.00,4,3.75,4.75,4
1,1.00,40.00,359.00,4.62,4.31,4.88,26
1,0.83,80.00,364.00,5,4.88,5,8
1,1.00,25.00,0.00,4.63,4.64,4.82,67
2,0.94,150.00,85.00,4.63,4.88,4.71,24
2,0.76,98.00,356.00,4.81,4.84,4.86,57
2,0.74,49.00,332.00,4.94,4.94,4.97,31
1,0.98,81.00,94.00,4.53,4.87,4.87,15
1,0.99,101.00,76.00,5,4.5,5,2
1,0.99,134.00,57.00,4.6,4.9,4.9,10
2,0.75,44.00,78.00,4.86,4.78,4.92,111
1,0.97,64.00,329.00,4.92,4.96,4.95,159
1,0.82,45.00,352.00,4.33,4,4.78,9
1,0.96,10.00,364.00,4.5,4.5,4.5,0
1,0.96,22.00,227.00,4.5,4.5,4.5,2
1,0.97,106.00,0.00,5,5,5,2
1,0.97,65.00,314.00,4.93,4.96,4.98,182
1,0.99,127.00,108.00,4.89,4.78,5,9
1,0.99,38.00,179.00,5,5,5,1
1,0.99,120.00,344.00,4.78,4.8,4.78,45
2,1.00,69.00,265.00,4.6,5,3.8,0
2,0.99,75.00,347.00,4.6,5,3.8,10
1,0.94,55.00,144.00,4.91,4.82,4.82,11
1,0.75,60.00,178.00,4.5,4.75,4.81,16
1,0.99,59.00,76.00,4.89,4.93,4.93,80
1,1.00,54.00,0.00,4.75,5,5,4
1,1.00,60.00,25.00,5,5,5,2
1,1.00,48.00,323.00,4.67,3,5,3
1,0.83,73.00,172.00,4.9,4.82,4.98,51
1,1.00,70.00,300.00,5,5,5,1
1,0.93,55.00,59.00,4.87,5,4.87,15
1,1.00,152.00,251.00,4.95,4.89,5,62
1,0.30,44.00,363.00,5,5,4.8,0
2,0.23,150.00,363.00,5,5,4.8,0
2,1.00,50.00,322.00,5,5,4.8,5
1,1.00,65.00,48.00,4.87,4.93,5,15
1,1.00,53.00,261.00,5,4,5,1
1,1.00,60.00,301.00,4.91,4.91,4.97,35
1,0.95,54.00,261.00,5,5,5,1
1,0.95,73.00,334.00,4.87,4.93,4.95,0
1,1.00,80.00,76.00,4.87,4.93,4.95,61
1,1.00,56.00,343.00,4.95,4.95,4.98,44
1,1.00,65.00,268.00,5,5,5,0
2,1.00,50.00,322.00,5,5,5,3
1,1.00,104.00,152.00,5,5,5,23
2,0.74,55.00,339.00,4.64,4.82,5,11
1,1.00,80.00,346.00,5,4.93,5,14
2,0.99,78.00,346.00,5,4.94,4.81,16
1,1.00,70.00,63.00,5,4.8,5,0
1,1.00,96.00,170.00,5,4.8,5,5
1,1.00,110.00,348.00,4,3,3,1
1,0.18,100.00,363.00,4,5,4.5,2
2,1.00,114.00,89.00,5,5,5,5
1,1.00,161.00,16.00,5,4,5,1
1,1.00,75.00,362.00,5,5,5,3
1,1.00,55.00,261.00,4.86,4.89,5,28
1,0.86,70.00,176.00,5,5,4.67,0
1,1.00,62.00,346.00,5,5,4.67,3
1,0.56,70.00,173.00,4.67,4.33,4.67,3
1,1.00,102.00,322.00,4.88,4.88,4.91,32
1,0.75,59.00,0.00,5,5,5,0
1,0.75,59.00,0.00,5,5,5,2
1,0.75,26.00,253.00,4.75,4.88,4.88,16
1,1.00,25.00,314.00,3,4.5,3,2
2,1.00,35.00,152.00,4.94,5,4.93,54
2,0.99,70.00,332.00,4.42,4.83,4.08,12
1,0.98,46.00,284.00,4.76,4.83,4.96,46
1,1.00,90.00,152.00,4.92,4.95,4.95,37
2,0.99,66.00,344.00,4.83,4.67,4.83,6
1,1.00,93.00,354.00,4.61,4.88,4.75,51
1,0.89,126.00,333.00,5,5,5,1
2,1.00,45.00,349.00,4.82,4.91,4.77,22
1,1.00,96.00,351.00,4.62,4.7,4.86,37
1,0.85,70.00,264.00,5,5,5,1
2,1.00,124.00,84.00,5,5,5,1
2,1.00,139.00,94.00,5,5,4,1
1,0.96,64.00,135.00,4.88,4.88,4.71,17
1,1.00,1000.00,340.00,5,5,5,2
1,1.00,130.00,284.00,4.92,4.88,5,24
1,1.00,74.00,365.00,4.67,5,4.33,3
1,1.00,60.00,6.00,4,3.4,4.4,5
2,0.99,70.00,330.00,4.64,4.91,4.77,22
2,0.94,35.00,164.00,4.92,4.92,5,12
1,0.99,100.00,286.00,4.78,4.78,4.83,46
1,0.96,70.00,136.00,4.86,5,5,7
1,0.96,81.00,3.00,4,5,5,1
1,0.96,102.00,140.00,4.72,4.89,4.93,61
1,1.00,61.00,150.00,4.94,4.95,4.95,151
1,0.99,45.00,56.00,5,4.5,5,0
2,1.00,93.00,326.00,5,4.5,5,2
2,0.94,35.00,166.00,4.5,4.75,5,4
1,1.00,86.00,365.00,4.57,4.57,5,7
2,0.99,70.00,335.00,4.88,5,4.75,8
2,0.99,70.00,328.00,5,5,5,1
2,0.99,70.00,332.00,4.5,4.5,4.5,2
2,0.99,60.00,267.00,4.83,5,4.83,6
2,1.00,200.00,345.00,4.9,4.85,4.85,20
1,0.96,44.00,341.00,4.97,5,5,29
1,1.00,53.00,248.00,4.89,4.82,4.89,158
1,0.93,60.00,229.00,4.83,5,5,12
1,0.20,90.00,179.00,5,5,5,1
1,0.97,60.00,319.00,4.8,4.55,4.8,20
1,1.00,139.00,174.00,5,5,5,7
1,0.39,107.00,220.00,4.5,5,5,0
1,1.00,238.00,149.00,4.5,5,5,0
1,1.00,266.00,159.00,4.5,5,5,2
1,1.00,103.00,83.00,4.85,4.8,5,20
1,1.00,84.00,331.00,5,5,5,10
1,1.00,78.00,278.00,4.78,4.91,4.91,32
1,0.84,70.00,85.00,4.19,4.41,4.19,27
1,0.83,154.00,211.00,5,5,5,1
1,0.99,493.00,67.00,4.95,4.62,4.71,21
1,0.98,102.00,330.00,3.5,4.75,4,4
1,0.75,70.00,15.00,5,4.78,4.89,9
1,0.33,95.00,267.00,4,5,5,1
2,0.94,89.00,342.00,4.68,4.86,4.68,22
1,0.78,53.00,303.00,4.29,3.86,4,7
1,1.00,93.00,69.00,4.98,4.96,4.94,48
1,0.90,150.00,138.00,4.43,4.29,4.57,7
1,0.91,32.00,0.00,4.88,5,5,8
1,1.00,123.00,298.00,5,4.71,4.86,7
1,0.98,51.00,219.00,3.99,3.94,4.48,88
1,1.00,160.00,262.00,4.67,4.6,4.81,43
1,1.00,160.00,273.00,4.7,4.64,4.86,87
2,1.00,80.00,178.00,5,5,5,1
2,1.00,65.00,178.00,4.58,4.58,5,12
1,1.00,166.00,347.00,4.48,4.83,4.67,66
1,0.98,107.00,363.00,5,5,5,1
1,0.94,79.00,167.00,4.96,4.88,5,24
1,0.99,105.00,96.00,4.2,4.4,4.2,10
1,0.95,80.00,176.00,4.89,4.78,5,9
1,1.00,84.00,82.00,4.92,4.97,4.92,36
1,0.99,3472.00,0.00,4.13,4.5,4.25,8
1,0.99,85.00,253.00,4.83,4.86,4.9,58
1,1.00,180.00,362.00,5,5,5,1
1,0.93,105.00,117.00,5,5,5,0
1,0.93,103.00,35.00,5,5,5,1
1,1.00,36.00,114.00,5,5,5,4
1,0.56,70.00,173.00,5,5,5,1
2,0.40,79.00,270.00,5,5,5,2
1,0.00,25.00,0.00,5,5,5,0
1,0.83,115.00,351.00,5,5,5,2
1,1.00,131.00,346.00,4.63,4.75,4.88,8
1,0.57,243.00,294.00,3.5,3,4,2
1,1.00,49.00,295.00,4.82,4.82,4.9,159
1,0.98,46.00,0.00,4.52,4.86,4.95,21
1,0.75,100.00,76.00,5,5,5,1
1,0.93,154.00,35.00,4.71,4.36,4.93,14
1,0.20,51.00,179.00,5,5,5,1
1,0.98,60.00,0.00,5,5,5,2
1,0.98,47.00,0.00,4.86,4.79,5,29
2,0.77,40.00,361.00,4.36,4.27,4.64,11
1,1.00,48.00,73.00,4.9,4.92,4.94,52
1,1.00,117.00,270.00,4.83,4.7,4.96,47
2,0.00,110.00,268.00,4.83,4.67,5,0
2,0.00,98.00,268.00,4.83,4.67,5,0
2,0.00,108.00,268.00,4.83,4.67,5,0
2,0.00,80.00,268.00,4.83,4.67,5,0
2,0.00,45.00,268.00,4.83,4.67,5,0
2,0.00,55.00,237.00,4.83,4.67,5,0
1,1.00,45.00,228.00,4.83,4.67,5,0
1,0.46,129.00,365.00,4.83,4.67,5,6
2,0.77,39.00,363.00,4.67,4.67,4.94,18
1,1.00,60.00,252.00,5,5,5,25
1,0.99,80.00,263.00,4.97,5,5,29
1,0.99,70.00,292.00,4.33,5,4.33,3
1,0.99,111.00,31.00,4.86,4.71,4.93,14
1,0.77,40.00,178.00,4.86,4.86,5,7
1,0.50,180.00,275.00,5,5,5,1
1,0.99,70.00,122.00,4.74,4.7,4.87,23
1,0.94,19.00,362.00,4.5,5,4.5,0
1,0.94,45.00,117.00,4.5,5,4.5,2
1,0.94,124.00,87.00,5,4,5,0
1,0.00,320.00,1.00,5,4,5,1
1,1.00,70.00,153.00,5,5,5,1
1,1.00,118.00,341.00,4.13,4.5,4.88,8
1,1.00,100.00,339.00,4.79,4.88,4.94,48
1,1.00,51.00,318.00,4.95,4.98,4.96,161
1,0.93,257.00,33.00,5,4,5,2
1,0.94,74.00,5.00,4.94,5,4.94,35
1,1.00,152.00,127.00,5,5,4,0
1,1.00,141.00,319.00,5,5,4,0
1,1.00,147.00,360.00,5,5,4,1
1,0.85,83.00,362.00,5,5,5,7
1,1.00,70.00,364.00,4.33,4.33,5,0
2,0.77,60.00,364.00,4.33,4.33,5,3
2,0.77,39.00,360.00,4.94,4.81,5,16
2,0.77,39.00,361.00,4.84,4.76,4.88,25
2,0.91,93.00,0.00,3.67,3,4,3
1,0.82,69.00,250.00,4.8,4.6,5,5
1,0.99,69.00,75.00,4.5,5,5,4
1,1.00,100.00,365.00,4,5,5,1
1,0.99,100.00,265.00,4.94,5,5,34
1,0.80,66.00,172.00,4.56,4.67,4.33,9
1,1.00,126.00,223.00,4.95,4.89,5,19
1,0.93,59.00,269.00,5,5,4.67,3
1,0.50,70.00,87.00,5,4.91,5,0
1,0.85,70.00,240.00,5,4.91,5,11
1,1.00,80.00,21.00,5,5,5,3
1,0.50,70.00,268.00,5,4,4,0
1,0.50,70.00,268.00,5,4,4,0
1,0.50,70.00,268.00,5,4,4,1
1,0.00,55.00,362.00,4.92,5,4.92,0
1,1.00,81.00,91.00,4.92,5,4.92,25
2,0.50,133.00,86.00,4.92,5,5,13
1,0.94,90.00,317.00,4.93,4.93,4.93,15
1,1.00,99.00,334.00,5,5,5,5
1,0.99,74.00,95.00,5,5,4.84,19
1,0.99,93.00,193.00,3.93,3.85,4.22,27
1,0.67,40.00,0.00,5,5,5,4
1,0.98,182.00,14.00,4.88,5,4.88,8
1,0.87,114.00,122.00,4.69,4.77,4.77,13
1,0.89,65.00,137.00,5,4.75,5,4
1,1.00,118.00,345.00,4.33,4.61,4.56,18
2,0.81,103.00,144.00,4.91,4.91,4.91,11
1,0.81,329.00,74.00,5,5,5,2
1,1.00,67.00,339.00,4.88,4.88,5,8
1,1.00,77.00,348.00,4.94,4.94,5,32
1,1.00,72.00,23.00,4.69,4.75,4.75,16
1,0.90,140.00,351.00,4.44,4.19,4.69,16
1,0.95,70.00,309.00,4.43,4.87,4.97,30
1,0.99,3516.00,57.00,4.5,4.83,4.5,6
1,1.00,51.00,218.00,4.87,4.81,4.87,116
1,0.89,81.00,169.00,4.67,4.58,4.67,12
1,1.00,58.00,273.00,4.67,5,5,0
1,1.00,55.00,355.00,4.67,5,5,3
1,0.97,107.00,348.00,4.8,4.87,4.8,15
1,0.50,80.00,176.00,5,5,5,2
2,0.76,109.00,170.00,4.91,5,4.91,11
1,0.89,70.00,271.00,5,5,5,1
1,1.00,55.00,329.00,5,5,5,1
1,0.00,57.00,15.00,5,5,5,0
2,0.93,35.00,306.00,5,5,5,1
1,0.60,64.00,180.00,5,5,5,0
1,0.39,116.00,65.00,5,5,5,1
1,1.00,95.00,318.00,4.56,4.89,5,9
2,1.00,45.00,119.00,4.62,4.65,4.88,86
2,1.00,44.00,346.00,4.63,4.61,4.83,106
1,1.00,70.00,137.00,4.55,4.5,4.86,22
2,1.00,54.00,347.00,4.77,4.77,4.93,106
2,1.00,49.00,330.00,4.6,4.64,4.92,183
1,1.00,500.00,344.00,5,4.89,4.95,19
2,1.00,60.00,3.00,4.7,4.72,4.88,87
1,1.00,75.00,343.00,4.91,4.82,5,11
1,1.00,132.00,363.00,3.67,3.33,3.33,6
1,0.99,81.00,344.00,4.86,4.97,4.98,65
1,1.00,200.00,119.00,4.63,4.38,4.88,8
1,0.81,50.00,268.00,4.67,5,4.75,0
1,0.54,40.00,363.00,4.67,5,4.75,12
1,0.86,59.00,173.00,4.86,5,4.93,14
1,1.00,263.00,148.00,4.43,4.43,5,0
1,0.96,71.00,365.00,4.43,4.43,5,7
1,0.99,196.00,74.00,4.73,4.68,4.82,22
1,1.00,35.00,360.00,4.56,4.78,4.67,0
1,1.00,110.00,363.00,4.56,4.78,4.67,9
1,1.00,132.00,363.00,4.43,4.71,4.43,7
1,0.99,196.00,87.00,4.64,4.59,4.68,22
1,1.00,110.00,0.00,4.25,4.63,4.5,8
1,1.00,121.00,56.00,4.29,4.14,4.57,7
1,1.00,99.00,360.00,4.29,4.24,4.18,17
2,0.91,93.00,0.00,1,1,1,2
2,0.91,93.00,0.00,4.75,4.75,5,0
2,0.91,113.00,0.00,4.75,4.75,5,0
1,1.00,56.00,255.00,4.75,4.75,5,8
1,0.98,267.00,50.00,4.8,4.9,5,10
1,0.82,55.00,1.00,4.28,4.44,4.61,0
1,0.82,74.00,99.00,4.28,4.44,4.61,18
1,0.05,40.00,173.00,4.5,5,4,2
2,0.90,70.00,85.00,5,5,5,6
1,0.98,27.00,43.00,4.76,4.65,4.91,54
1,0.98,85.00,348.00,4.25,4,5,4
1,0.98,89.00,0.00,5,5,5,1
1,0.88,40.00,359.00,4.79,5,4.93,14
1,1.00,120.00,104.00,4.7,5,4.7,10
2,1.00,122.00,100.00,4.62,4.82,4.6,0
1,1.00,89.00,341.00,4.62,4.82,4.6,45
1,0.97,100.00,0.00,4.86,5,4.93,14
1,1.00,40.00,273.00,4.86,4.86,5,7
1,1.00,5741.00,0.00,5,4.87,5,15
2,1.00,40.00,365.00,4.8,4.6,5,0
1,0.82,69.00,228.00,4.8,4.6,5,5
1,0.91,82.00,234.00,4.97,4.97,5,31
1,0.56,75.00,173.00,4.36,4.5,4.5,0
1,0.75,70.00,332.00,4.36,4.5,4.5,14
2,1.00,27.00,344.00,4.59,4.91,4.62,148
1,0.99,91.00,15.00,4.63,5,4.78,32
1,1.00,145.00,100.00,4.96,4.96,5,27
1,1.00,73.00,169.00,4.94,4.94,4.94,18
1,0.99,164.00,94.00,4.57,5,5,7
1,0.98,70.00,0.00,4.74,4.86,4.97,74
1,1.00,59.00,363.00,4.33,4.33,4.33,3
1,0.39,117.00,96.00,1,2,1,0
4,0.00,42.00,361.00,1,2,1,1
1,0.99,316.00,33.00,4.75,4.5,4,4
2,1.00,25.00,365.00,5,5,5,1
1,0.91,73.00,0.00,4.74,4.87,4.87,23
1,1.00,215.00,357.00,4.67,4.67,4.67,6
2,1.00,130.00,266.00,5,5,4.75,4
1,0.98,80.00,359.00,5,4,5,1
1,0.78,150.00,38.00,5,5,5,7
2,0.81,33.00,332.00,4.81,4.89,4.54,37
1,1.00,94.00,345.00,4.5,4.83,5,6
2,0.76,110.00,360.00,4.7,4.74,4.7,27
1,0.98,55.00,312.00,4.91,4.82,4.95,22
1,1.00,79.00,283.00,4.95,5,5,22
1,0.77,40.00,360.00,4.67,5,5,6
1,1.00,40.00,178.00,4.99,4.95,4.95,0
1,1.00,80.00,132.00,4.99,4.95,4.95,78
1,0.97,94.00,169.00,4.9,4.85,4.95,20
1,0.99,2364.00,5.00,4.6,4.6,5,5
1,0.86,90.00,355.00,4.88,4.75,4.75,8
1,0.98,75.00,354.00,3.5,3,5,0
1,0.50,65.00,59.00,3.5,3,5,2
1,1.00,42.00,145.00,4.62,4.57,4.33,21
1,0.93,80.00,343.00,5,5,5,11
1,0.33,80.00,364.00,5,5,5,0
1,0.60,64.00,128.00,5,5,5,1
1,1.00,114.00,161.00,4.87,4.67,4.93,15
1,0.98,135.00,326.00,4.98,5,4.95,43
1,0.00,100.00,235.00,5,4.8,5,0
2,0.00,46.00,358.00,5,4.8,5,5
1,0.99,101.00,210.00,4.58,4.74,4.91,65
1,0.99,75.00,110.00,4.3,4.4,4.8,10
1,1.00,48.00,358.00,4,3.86,4.43,7
2,0.98,18.00,326.00,5,4,5,1
1,1.00,113.00,250.00,4,5,5,2
1,0.97,140.00,354.00,4.61,4.61,4.72,18
1,1.00,76.00,15.00,4.5,4.9,4.9,10
1,1.00,200.00,362.00,4.88,5,4.88,8
1,0.95,99.00,89.00,5,4.82,5,28
2,0.76,91.00,201.00,4.92,4.92,4.83,12
1,1.00,96.00,362.00,4.67,5,5,3
1,1.00,87.00,79.00,4.97,4.97,4.97,36
1,1.00,55.00,358.00,4.85,5,4.92,13
2,1.00,70.00,209.00,5,5,5,1
1,0.96,140.00,358.00,4.69,4.72,4.76,0
1,0.96,89.00,344.00,4.69,4.72,4.76,0
1,0.96,92.00,130.00,4.69,4.72,4.76,29
1,1.00,54.00,358.00,4.85,4.85,4.92,0
1,1.00,70.00,353.00,4.85,4.85,4.92,39
1,1.00,84.00,355.00,4.93,4.93,4.93,46
1,1.00,137.00,357.00,4.98,4.96,5,47
1,1.00,115.00,4.00,5,5,4.67,3
1,1.00,60.00,326.00,4.97,5,5,0
1,1.00,80.00,213.00,4.97,5,5,0
1,1.00,71.00,323.00,4.97,5,5,112
1,1.00,73.00,281.00,5,4.97,4.93,29
1,0.58,55.00,360.00,4.57,4.57,4.57,7
1,1.00,69.00,343.00,4.46,4.54,4.71,41
1,0.66,65.00,360.00,4.67,4.87,5,15
1,0.97,59.00,346.00,4.85,4.95,5,20
1,0.97,41.00,264.00,5,5,4.95,20
1,1.00,126.00,346.00,5,5,4.8,5
2,0.36,76.00,309.00,5,4.94,5,0
1,1.00,123.00,355.00,5,4.94,5,17
1,1.00,130.00,355.00,4.71,5,5,7
1,1.00,180.00,356.00,4.82,5,5,11
1,1.00,300.00,360.00,4.67,4.67,5,3
1,1.00,300.00,349.00,4.56,4.78,4.78,9
2,1.00,65.00,270.00,4.71,4.94,4.88,17
2,1.00,69.00,365.00,4.5,5,4.5,2
1,0.96,80.00,144.00,4.82,5,4.95,39
1,1.00,80.00,263.00,4,4.2,4.8,5
1,0.96,65.00,146.00,4.5,4.5,4.61,18
1,1.00,45.00,350.00,4.83,4.96,4.92,24
2,0.17,50.00,329.00,4.82,5,5,0
1,1.00,89.00,176.00,4.82,5,5,11
1,0.99,97.00,179.00,4.54,4.58,4.84,57
2,1.00,45.00,309.00,5,5,5,2
2,0.93,14.00,35.00,4.63,4.67,4.87,0
1,0.83,67.00,178.00,4.63,4.67,4.87,0
1,0.83,80.00,262.00,4.63,4.67,4.87,0
1,0.98,30.00,88.00,4.63,4.67,4.87,30
1,1.00,68.00,188.00,5,4.56,5,18
1,0.96,60.00,268.00,4.87,4.73,5,15
1,0.67,65.00,254.00,4.5,4.5,5,2
2,0.98,18.00,303.00,5,5,5,0
2,0.98,18.00,332.00,5,5,5,1
1,1.00,61.00,331.00,5,4.97,5,31
1,1.00,100.00,345.00,4.77,4.84,4.58,43
1,0.91,48.00,358.00,4.33,4.67,4.67,3
1,1.00,68.00,146.00,4.67,4.89,5,9
2,0.94,64.00,356.00,4.55,4.82,4.8,44
1,1.00,90.00,237.00,4.89,5,4.89,9
1,0.99,35.00,302.00,4.87,4.9,5,31
1,0.87,70.00,180.00,4.9,4.8,4.7,10
1,1.00,47.00,324.00,4.64,4.83,4.8,123
2,0.96,63.00,228.00,5,5,5,7
1,0.98,109.00,118.00,4.78,4.33,4.89,9
4,0.88,40.00,347.00,4.38,4.48,4.35,48
2,0.93,14.00,35.00,3,5,3,1
1,1.00,101.00,364.00,4.61,4.5,4.89,18
1,0.50,135.00,183.00,5,5,5,1
2,1.00,70.00,290.00,5,5,5,11
2,1.00,70.00,292.00,4.89,5,4.89,0
1,1.00,320.00,288.00,4.89,5,4.89,9
1,1.00,65.00,266.00,4.11,4.56,4.56,9
2,1.00,75.00,292.00,5,5,5,1
2,1.00,55.00,107.00,4.87,4.92,4.83,53
2,0.93,27.00,17.00,4.96,4.93,5,54
1,1.00,85.00,170.00,3.67,3.67,3.67,3
1,0.98,66.00,107.00,4.44,4.56,4.44,9
1,0.99,121.00,112.00,4.4,4.6,4.6,5
1,0.99,78.00,112.00,4.88,4.88,4.88,8
1,1.00,90.00,67.00,3,4.5,5,2
2,1.00,55.00,169.00,4.78,4.84,4.78,49
1,0.92,125.00,315.00,5,5,5,5
2,0.94,38.00,302.00,4.33,4.67,4.67,3
1,0.67,93.00,176.00,5,5,5,1
2,0.94,100.00,76.00,4.5,5,5,2
1,0.25,72.00,360.00,5,5,5,1
1,1.00,129.00,79.00,5,5,5,0
1,1.00,280.00,238.00,5,5,5,1
1,0.88,120.00,355.00,4.19,4.14,4.5,36
1,1.00,85.00,342.00,4.94,4.87,4.87,31
1,0.77,1000.00,364.00,5,5,5,1
1,1.00,136.00,363.00,5,5,4.89,0
1,0.92,107.00,342.00,5,5,4.89,9
1,0.98,70.00,124.00,5,5,5,15
1,0.00,83.00,362.00,4,4.2,4.3,0
2,0.96,30.00,0.00,4,4.2,4.3,10
2,1.00,122.00,35.00,4.6,4.9,4.9,0
1,1.00,35.00,341.00,4.6,4.9,4.9,10
2,0.93,110.00,35.00,5,5,5,0
2,0.93,115.00,34.00,5,5,5,0
2,0.93,153.00,34.00,5,5,5,0
1,0.93,86.00,0.00,5,5,5,0
1,0.93,92.00,99.00,5,5,5,2
1,0.28,500.00,364.00,5,5,5,0
1,0.28,650.00,365.00,5,5,5,0
1,0.39,141.00,269.00,5,5,5,0
1,0.94,75.00,254.00,5,5,5,12
1,1.00,77.00,310.00,4.25,4.25,5,4
1,1.00,349.00,222.00,4.75,5,5,4
1,1.00,76.00,100.00,4.48,4.76,4.81,21
1,0.76,161.00,335.00,4.5,5,3.75,4
1,1.00,85.00,358.00,4.65,4.75,4.85,20
1,1.00,124.00,308.00,5,5,5,12
2,0.97,45.00,364.00,4.82,4.82,4.77,22
2,0.50,60.00,90.00,2.5,2.5,3.5,2
1,0.99,57.00,250.00,4.25,4.75,4.5,4
1,0.86,43.00,178.00,4.25,4.5,4.5,4
1,0.99,121.00,340.00,4.76,4.85,4.7,33
1,0.99,120.00,344.00,4.77,4.83,4.87,30
1,0.99,272.00,350.00,4.95,4.73,4.86,22
1,1.00,65.00,319.00,4.91,4.82,4.91,22
2,0.87,40.00,360.00,3.4,3,4,5
1,0.46,129.00,364.00,4.89,5,5,9
2,1.00,134.00,365.00,5,4.5,5,2
1,0.99,150.00,107.00,4.67,5,5,3
1,0.77,96.00,85.00,4.5,4.67,4.67,6
2,1.00,103.00,358.00,5,5,5,1
2,1.00,123.00,358.00,5,5,5,1
1,1.00,153.00,88.00,5,4.77,5,26
2,1.00,83.00,358.00,4.82,4.77,4.92,0
2,1.00,153.00,358.00,4.82,4.77,4.92,0
1,0.93,39.00,319.00,4.82,4.77,4.92,39
1,1.00,84.00,341.00,5,5,5,5
1,1.00,134.00,340.00,4.75,4.88,4.75,8
1,1.00,120.00,350.00,4.67,5,5,3
1,1.00,229.00,157.00,5,5,5,8
1,0.93,69.00,182.00,4.91,5,5,11
1,1.00,127.00,83.00,5,5,5,2
1,1.00,74.00,330.00,5,5,5,2
1,1.00,88.00,325.00,5,5,5,1
1,1.00,66.00,14.00,4.9,5,4.8,10
2,0.92,37.00,328.00,5,5,5,13
4,0.97,23.00,340.00,4.67,4.67,4.58,12
1,1.00,118.00,344.00,5,5,4.67,3
1,1.00,148.00,100.00,4.75,4.75,4.75,4
1,1.00,148.00,105.00,4.82,4.82,4.73,11
1,1.00,140.00,105.00,5,5,5,0
1,1.00,126.00,102.00,5,5,5,0
1,1.00,126.00,98.00,5,5,5,1
1,1.00,75.00,365.00,4.67,4.56,4.78,9
1,0.76,100.00,201.00,4,4,5,2
2,0.23,250.00,365.00,3,4,3,1
1,0.60,70.00,300.00,5,5,5,2
1,1.00,70.00,237.00,5,5,5,1
1,1.00,116.00,352.00,5,5,5,4
1,0.90,85.00,134.00,4.86,4.9,4.86,21
1,1.00,61.00,348.00,5,5,5,3
1,0.67,120.00,97.00,5,5,5,1
1,1.00,275.00,42.00,4.91,4.82,5,11
2,0.99,80.00,346.00,5,5,5,0
2,0.99,70.00,354.00,5,5,5,1
2,0.99,70.00,353.00,5,5,5,0
2,0.99,90.00,339.00,5,5,5,0
1,0.39,85.00,208.00,5,5,5,2
2,0.99,90.00,353.00,4,4,4,0
2,0.99,70.00,353.00,4,4,4,0
1,0.39,114.00,269.00,4,4,4,0
1,1.00,106.00,101.00,4,4,4,1
1,0.99,140.00,15.00,4,5,5,0
2,1.00,147.00,6.00,4,5,5,2
1,1.00,101.00,86.00,4.6,5,5,5
1,0.36,165.00,362.00,5,5,5,2
1,0.00,40.00,321.00,4.5,5,5,0
1,0.99,96.00,35.00,4.5,5,5,0
1,0.99,96.00,35.00,4.5,5,5,2
1,0.93,110.00,362.00,4.79,4.97,4.82,39
1,1.00,150.00,317.00,5,5,5,4
1,1.00,120.00,331.00,5,5,5,0
2,0.91,45.00,88.00,5,5,5,1
2,0.91,45.00,85.00,5,5,5,1
4,0.96,30.00,0.00,4,4.4,4.2,5
1,1.00,94.00,80.00,5,5,4.96,25
1,1.00,50.00,268.00,1,1,1,0
1,1.00,52.00,270.00,1,1,1,1
2,1.00,77.00,5.00,4.75,4.75,4.79,24
2,0.44,65.00,358.00,5,5,5,2
2,1.00,125.00,90.00,4.56,4.56,4.78,0
1,1.00,118.00,351.00,4.56,4.56,4.78,9
1,0.71,93.00,170.00,5,5,5,1
1,0.94,303.00,181.00,5,4.5,5,2
1,1.00,300.00,348.00,5,4.91,5,11
1,0.74,116.00,352.00,5,5,5,19
1,0.90,31.00,229.00,4.67,5,4.67,3
1,0.71,50.00,0.00,4.67,4.67,4.5,0
2,0.41,111.00,364.00,4.67,4.67,4.5,6
2,0.41,115.00,365.00,4.5,5,5,2
1,1.00,118.00,351.00,5,5,5,2
2,1.00,86.00,5.00,4.71,5,5,7
1,0.95,95.00,285.00,4.91,5,5,11
1,0.46,193.00,365.00,5,5,5,1
1,0.94,79.00,346.00,5,5,5,4
2,1.00,107.00,2.00,4.33,4.67,4.33,3
2,0.81,230.00,331.00,5,5,5,0
2,0.81,118.00,345.00,5,5,5,1
2,0.81,107.00,351.00,5,5,5,3
1,1.00,60.00,318.00,5,5,5,3
1,1.00,84.00,36.00,4.83,4.5,4.83,6
1,1.00,65.00,364.00,4,4.5,5,2
1,0.98,60.00,138.00,4.96,5,5,26
1,0.89,67.00,353.00,4.35,4.71,4.59,17
1,1.00,56.00,179.00,4.86,4.86,4.95,22
1,0.88,88.00,239.00,5,5,5,12
1,0.67,70.00,259.00,5,5,5,2
1,0.94,73.00,85.00,4.84,4.96,4.96,25
2,0.88,59.00,275.00,4.75,5,5,4
2,0.88,67.00,299.00,4.75,5,4.75,4
1,1.00,113.00,345.00,5,5,3,0
1,1.00,126.00,102.00,5,5,3,1
1,1.00,126.00,100.00,5,5,5,0
1,1.00,123.00,42.00,5,5,5,1
1,1.00,123.00,102.00,5,5,5,2
1,1.00,109.00,190.00,5,5,5,1
2,0.88,72.00,289.00,5,5,5,2
2,0.88,60.00,279.00,5,4.89,5,9
1,0.44,89.00,149.00,5,5,5,7
1,0.50,44.00,286.00,5,5,5,0
2,1.00,53.00,22.00,5,5,5,7
1,0.96,55.00,81.00,4.2,4.4,4.6,15
1,1.00,85.00,364.00,5,5,4.96,0
1,0.98,120.00,358.00,5,5,4.96,0
1,0.98,69.00,322.00,5,5,4.96,26
1,0.84,52.00,253.00,4.14,5,4.29,7
2,1.00,50.00,348.00,5,5,5,1
2,1.00,112.00,331.00,4.86,4.86,5,7
1,1.00,85.00,95.00,4.89,5,4.89,9
1,1.00,166.00,321.00,4.97,4.86,4.97,36
2,1.00,93.00,326.00,4.78,4.67,4.89,9
1,0.99,115.00,85.00,4.88,5,4.75,8
1,1.00,73.00,362.00,5,4.93,4.93,0
1,1.00,92.00,360.00,5,4.93,4.93,15
1,0.90,74.00,158.00,4.89,4.89,4.78,9
1,1.00,121.00,152.00,4.9,4.93,4.9,59
1,0.99,115.00,89.00,4.8,4.8,4.6,5
2,1.00,202.00,364.00,5,5,5,1
1,1.00,80.00,365.00,4.89,4.89,5,9
1,0.98,71.00,30.00,4.82,4.64,4.82,11
1,0.60,100.00,269.00,5,5,4,0
2,0.60,80.00,365.00,5,5,4,0
2,1.00,45.00,83.00,5,5,4,0
2,0.60,80.00,365.00,5,5,4,0
2,0.60,80.00,365.00,5,5,4,1
1,0.67,25.00,268.00,4.22,4.44,4.89,0
2,0.88,30.00,331.00,4.22,4.44,4.89,9
1,1.00,118.00,269.00,4.6,4.6,4.4,0
1,0.82,89.00,339.00,4.6,4.6,4.4,5
1,0.75,108.00,346.00,4,4.5,5,2
1,1.00,86.00,175.00,4.86,5,5,7
1,1.00,73.00,112.00,5,5,5,17
1,1.00,280.00,361.00,5,4.83,5,6
2,0.82,80.00,338.00,5,5,5,0
1,0.83,80.00,355.00,5,5,5,3
1,0.92,68.00,133.00,4.86,5,5,7
1,0.91,89.00,343.00,4.91,5,5,11
1,0.83,105.00,327.00,4.88,4.75,4.88,0
1,1.00,103.00,223.00,4.88,4.75,4.88,8
1,0.96,50.00,84.00,4.71,4.07,4.86,14
1,0.98,131.00,308.00,5,5,5,12
2,0.94,60.00,318.00,5,5,5,10
1,0.57,99.00,163.00,5,5,5,4
1,0.80,50.00,280.00,4.83,5,5,6
1,1.00,70.00,308.00,5,5,5,1
1,1.00,84.00,302.00,4.73,4.91,4.82,11
1,1.00,50.00,271.00,5,5,5,3
1,1.00,86.00,209.00,4.85,4.73,4.85,26
1,0.99,75.00,339.00,4.9,4.95,4.98,59
1,1.00,85.00,143.00,5,5,5,3
1,1.00,129.00,313.00,5,4.67,4.33,3
1,0.99,76.00,183.00,4,3,3.5,2
1,1.00,165.00,84.00,4.94,4.94,5,16
1,1.00,384.00,30.00,5,5,5,0
1,0.99,102.00,35.00,5,5,5,5
1,0.99,160.00,181.00,5,5,4.75,0
1,0.99,172.00,221.00,5,5,4.75,4
1,1.00,178.00,341.00,5,4,5,1
1,0.80,133.00,329.00,5,5,4,1
1,1.00,297.00,37.00,5,5,5,1
1,1.00,92.00,27.00,4.78,4.83,4.89,18
1,0.99,50.00,121.00,4.56,4.33,4.92,36
1,1.00,58.00,344.00,4.81,4.97,4.91,32
1,1.00,50.00,336.00,4.93,4.87,5,15
1,1.00,184.00,179.00,5,5,5,1
1,0.88,120.00,114.00,5,5,5,2
1,0.96,51.00,253.00,4.9,5,4.9,10
1,1.00,80.00,90.00,5,5,5,1
2,0.96,42.00,177.00,4.05,4.5,4.41,22
1,0.80,130.00,303.00,4.5,4.83,4.33,6
1,0.96,68.00,222.00,5,4.91,5,11
1,1.00,278.00,292.00,4.67,5,4.67,6
2,1.00,99.00,299.00,5,5,5,14
2,1.00,97.00,310.00,5,5,4.78,9
1,1.00,78.00,105.00,4.88,4.88,4.88,8
1,1.00,89.00,91.00,4.6,4.8,4.9,10
2,0.97,79.00,151.00,4.89,4.97,4.89,35
1,1.00,62.00,101.00,4.89,4.78,4.89,9
1,0.96,58.00,27.00,4.93,4.96,4.96,28
1,1.00,120.00,284.00,5,5,4.86,0
2,1.00,107.00,315.00,5,5,4.86,7
1,0.94,66.00,306.00,4.78,4.56,5,9
2,0.98,60.00,353.00,5,5,5,8
1,0.98,15.00,302.00,4.5,5,4.5,2
1,0.98,90.00,4.00,4.8,4.8,4.8,5
1,1.00,128.00,185.00,4.75,5,5,4
1,1.00,119.00,193.00,5,5,5,2
1,1.00,178.00,165.00,4,5,4,0
2,1.00,230.00,364.00,4,5,4,0
1,1.00,146.00,165.00,4,5,4,0
1,1.00,151.00,51.00,4,5,4,0
1,1.00,88.00,357.00,4,5,4,3
2,1.00,285.00,363.00,5,5,5,0
1,1.00,100.00,59.00,5,5,5,2
1,1.00,150.00,60.00,4.5,5,5,2
1,1.00,100.00,25.00,5,5,5,2
2,1.00,35.00,356.00,5,4,5,1
1,1.00,58.00,342.00,4.84,4.96,4.96,25
1,1.00,146.00,89.00,4.84,4.79,5,19
1,0.67,115.00,364.00,4.5,4.5,5,2
2,1.00,73.00,41.00,5,5,5,1
4,0.98,95.00,346.00,4.43,4.63,4.11,46
4,0.98,81.00,352.00,4.21,4.62,4.24,34
1,0.24,300.00,361.00,5,5,5,1
1,1.00,45.00,88.00,5,5,5,2
2,0.98,50.00,353.00,4.83,4.92,5,12
1,1.00,80.00,80.00,4.88,5,5,8
1,1.00,72.00,166.00,4.86,5,4.95,22
1,0.96,80.00,146.00,4.92,4.92,4.92,13
1,0.88,64.00,329.00,4,4,4.72,18
1,0.46,126.00,360.00,4.5,4.88,5,8
2,0.98,52.00,352.00,4.95,4.9,5,20
1,0.82,56.00,304.00,5,4.6,5,0
1,0.82,102.00,333.00,5,4.6,5,5
1,0.40,75.00,363.00,5,5,5,1
1,0.98,25.00,329.00,4.76,4.65,4.59,17
1,0.99,112.00,187.00,4.75,5,4,4
1,0.99,699.00,181.00,5,5,5,0
1,1.00,250.00,129.00,5,5,5,1
1,1.00,62.00,334.00,5,4.5,5,2
1,1.00,60.00,174.00,4.41,4.5,4.75,32
1,0.99,148.00,112.00,5,5,5,5
1,0.67,70.00,77.00,5,5,5,3
1,0.60,55.00,362.00,5,5,5,1
1,1.00,285.00,36.00,5,5,5,1
1,0.99,126.00,33.00,4.63,4.25,4.63,8
2,0.67,150.00,77.00,4.83,4.92,5,0
1,1.00,45.00,0.00,4.83,4.92,5,24
1,0.67,100.00,33.00,5,5,4.94,0
2,1.00,80.00,357.00,5,5,4.94,16
1,1.00,62.00,158.00,4.52,4.4,4.64,25
2,0.96,60.00,362.00,5,4.88,5,8
1,1.00,89.00,365.00,4.78,4.67,4.56,9
2,1.00,60.00,56.00,5,5,5,5
1,1.00,130.00,358.00,5,5,4.88,17
1,1.00,180.00,365.00,4,4.6,5,0
1,1.00,300.00,362.00,4,4.6,5,5
1,0.90,80.00,167.00,4.5,5,5,12
1,0.99,123.00,65.00,5,5,5,3
1,0.94,117.00,111.00,4.8,5,5,10
1,0.81,56.00,329.00,5,5,5,1
1,0.00,150.00,330.00,4.87,4.91,4.96,0
2,1.00,69.00,103.00,4.87,4.91,4.96,23
1,1.00,162.00,125.00,4.8,4.8,4.8,0
1,0.98,280.00,73.00,4.8,4.8,4.8,5
1,0.98,127.00,34.00,5,5,4.8,5
1,0.98,3491.00,0.00,4.67,4.67,5,9
1,1.00,150.00,358.00,5,5,5,2
2,0.81,60.00,45.00,4.73,4.73,4.64,11
1,1.00,80.00,319.00,4.56,4.56,4.78,9
2,1.00,61.00,363.00,4.92,4.92,4.92,12
1,0.96,54.00,145.00,4.64,4.93,5,14
2,0.95,84.00,250.00,4.88,5,4.5,16
1,0.98,400.00,0.00,4.67,4.83,5,6
1,0.93,112.00,319.00,5,5,5,1
1,1.00,100.00,17.00,5,5,5,2
1,1.00,60.00,297.00,4.88,4.88,4.88,0
1,1.00,110.00,351.00,4.88,4.88,4.88,8
2,0.76,87.00,209.00,4.5,5,5,0
1,1.00,70.00,330.00,4.5,5,5,0
1,1.00,84.00,327.00,4.5,5,5,0
1,1.00,109.00,107.00,4.5,5,5,2
1,0.78,200.00,361.00,5,5,5,6
1,1.00,71.00,99.00,4.86,4.86,5,7
1,1.00,69.00,105.00,4.78,4.78,4.67,9
1,1.00,100.00,322.00,5,5,5,1
2,0.96,60.00,362.00,4.33,3.67,4.67,3
1,0.86,90.00,355.00,4.75,5,5,4
1,0.99,234.00,148.00,5,5,5,4
1,1.00,110.00,358.00,5,4,5,0
1,1.00,45.00,32.00,5,4,5,2
1,1.00,68.00,166.00,5,5,5,19
1,1.00,58.00,306.00,4.63,4.5,4.93,30
1,1.00,197.00,354.00,4.88,4.82,4.88,17
1,1.00,85.00,336.00,5,5,5,13
1,1.00,68.00,19.00,4.8,5,5,5
1,0.95,156.00,1.00,4.5,4,4,0
1,0.75,80.00,364.00,4.5,4,4,2
1,0.98,115.00,358.00,4.56,4.67,4.56,9
1,0.96,72.00,53.00,4.88,4.94,5,16
2,0.46,90.00,0.00,4.75,5,5,0
1,1.00,89.00,271.00,4.75,5,5,8
1,0.67,55.00,348.00,5,5,5,3
2,1.00,89.00,334.00,3,4,2,0
2,1.00,110.00,341.00,3,4,2,1
1,0.99,130.00,33.00,4.8,4.8,5,5
1,1.00,69.00,309.00,4.9,4.97,5,29
1,0.46,89.00,362.00,4.2,4,4.8,5
1,0.46,179.00,365.00,3,3,5,1
1,0.99,117.00,4.00,4,3,5,2
2,0.51,40.00,327.00,4.8,4.5,5,10
1,0.20,105.00,180.00,5,4,5,0
1,0.96,350.00,363.00,5,4,5,1
2,0.99,150.00,0.00,4.67,4.67,5,3
1,0.67,54.00,117.00,4.75,5,4.5,0
1,0.86,75.00,6.00,4.75,5,4.5,4
1,0.75,290.00,53.00,5,5,5,3
1,0.39,123.00,292.00,5,4.5,5,2
1,0.89,76.00,309.00,4.5,4,3.5,2
1,0.99,156.00,365.00,4.6,5,4.6,5
2,0.78,35.00,364.00,4.8,4.8,4.4,5
1,0.98,3482.00,0.00,5,5,5,6
1,0.00,200.00,365.00,4.22,4.22,4.11,0
2,0.96,35.00,364.00,4.22,4.22,4.11,9
1,1.00,100.00,174.00,4.87,4.87,4.73,15
1,0.99,63.00,75.00,4.67,5,5,3
1,1.00,80.00,153.00,4.43,5,4.86,7
2,0.70,100.00,363.00,5,5,5,1
1,1.00,89.00,365.00,4,3.5,4.5,2
2,1.00,75.00,357.00,5,5,5,3
1,0.99,101.00,330.00,5,5,5,1
2,0.68,119.00,19.00,5,4.67,4.67,3
1,1.00,96.00,171.00,5,5,5,6
1,0.39,114.00,86.00,4.9,4.9,5,0
1,1.00,60.00,336.00,4.9,4.9,5,10
1,1.00,89.00,329.00,5,4.75,5,16
1,0.80,100.00,365.00,4,4,4,1
1,1.00,70.00,155.00,5,5,5,5
1,0.80,100.00,103.00,4,5,3,1
1,1.00,85.00,315.00,4.91,4.91,4.95,22
1,0.96,79.00,30.00,5,5,5,10
1,0.75,35.00,86.00,4.2,4.2,4.2,0
1,1.00,130.00,352.00,4.2,4.2,4.2,5
1,1.00,65.00,271.00,5,5,5,1
1,0.83,69.00,354.00,5,5,5,4
1,0.99,158.00,351.00,5,5,4.75,4
1,1.00,220.00,83.00,5,5,5,8
1,1.00,218.00,179.00,5,5,5,6
2,1.00,45.00,331.00,4.6,4.4,4.8,5
1,1.00,100.00,353.00,4.83,5,5,6
1,0.98,93.00,356.00,5,5,5,1
2,1.00,48.00,296.00,3.67,4,3.33,3
1,0.75,80.00,118.00,4.33,4.67,4.67,3
2,0.68,111.00,19.00,5,5,4.88,8
2,0.68,120.00,18.00,5,5,4.75,4
1,0.96,50.00,352.00,5,5,4.88,17
1,0.98,110.00,364.00,4,4,4.5,2
1,1.00,300.00,355.00,5,5,4.67,3
1,1.00,97.00,209.00,4,5,5,0
1,0.46,70.00,363.00,4,5,5,0
1,0.90,60.00,195.00,4,5,5,3
2,1.00,40.00,303.00,5,5,4.67,3
1,0.00,70.00,365.00,4,5,5,0
1,1.00,75.00,299.00,4,5,5,1
1,1.00,150.00,365.00,5,5,5,2
1,1.00,110.00,351.00,4.5,5,4.5,2
1,1.00,120.00,202.00,5,5,5,0
1,0.96,92.00,6.00,5,5,5,2
1,1.00,41.00,154.00,4.75,4.85,4.95,20
1,1.00,118.00,350.00,5,5,5,1
1,1.00,117.00,34.00,5,5,5,1
2,0.76,90.00,148.00,4.67,5,5,0
2,0.55,50.00,88.00,4.67,5,5,3
1,1.00,40.00,187.00,5,5,5,2
1,0.93,61.00,345.00,5,5,5,8
1,1.00,107.00,359.00,4.9,5,4.8,10
1,0.89,85.00,328.00,4.73,4.91,4.64,0
1,0.89,55.00,360.00,4.73,4.91,4.64,11
1,1.00,75.00,119.00,4.9,4.9,5,10
1,1.00,68.00,358.00,5,5,4.5,2
1,0.98,55.00,87.00,5,5,5,4
1,1.00,180.00,362.00,5,4.5,4.5,0
1,1.00,180.00,328.00,5,4.5,4.5,2
1,0.99,100.00,362.00,4,5,4,0
1,0.99,70.00,184.00,4,5,4,0
1,0.99,101.00,40.00,4,5,4,2
1,0.99,161.00,349.00,5,4.6,5,5
1,1.00,70.00,310.00,5,5,5,3
1,0.99,335.00,353.00,5,4.5,4.5,2
1,0.99,69.00,333.00,2,2,1,1
1,0.71,77.00,364.00,5,5,5,1
1,1.00,60.00,359.00,4.5,4,5,4
1,0.75,95.00,362.00,5,5,5,2
1,1.00,65.00,294.00,4.85,4.46,4.92,13
1,1.00,90.00,355.00,5,5,5,7
1,0.99,3497.00,5.00,4,4.5,4.5,2
1,1.00,180.00,365.00,4.6,4.4,5,5
1,1.00,95.00,158.00,5,5,5,2
1,1.00,79.00,174.00,5,5,5,4
2,0.95,84.00,285.00,4.75,5,5,4
1,0.89,150.00,20.00,5,5,5,0
1,0.89,151.00,346.00,5,5,5,0
1,0.89,308.00,246.00,5,5,5,1
1,0.96,170.00,0.00,3,4,3.67,0
2,0.96,40.00,363.00,3,4,3.67,3
2,1.00,31.00,299.00,5,5,5,0
2,1.00,22.00,329.00,5,5,5,1
1,0.91,69.00,361.00,5,4.8,5,5
1,0.46,200.00,365.00,5,5,5,3
1,1.00,124.00,106.00,5,5,5,0
1,1.00,154.00,343.00,5,5,5,2
1,1.00,124.00,209.00,5,5,5,0
1,1.00,98.00,187.00,5,5,5,3
1,0.99,41.00,338.00,4.74,4.95,4.89,19
1,1.00,73.00,365.00,5,4.82,4.91,0
1,1.00,141.00,22.00,5,4.82,4.91,11
1,0.60,158.00,357.00,5,5,5,1
1,0.00,40.00,358.00,5,5,5,0
1,1.00,104.00,89.00,5,5,5,4
1,0.91,172.00,309.00,4.82,4.73,4.82,0
1,0.91,360.00,277.00,4.82,4.73,4.82,0
1,1.00,79.00,346.00,4.82,4.73,4.82,11
1,0.99,236.00,33.00,4.67,5,4,3
2,1.00,70.00,296.00,5,5,5,1
1,1.00,50.00,365.00,4.81,4.75,4.75,0
1,0.99,46.00,296.00,4.81,4.75,4.75,16
2,1.00,32.00,351.00,5,5,5,1
1,0.44,94.00,360.00,5,5,5,1
1,0.99,200.00,220.00,5,5,5,2
1,0.78,189.00,351.00,5,5,5,3
1,0.93,81.00,68.00,4,4,5,1
1,1.00,117.00,347.00,4.73,4.93,4.8,15
2,1.00,45.00,364.00,5,4.88,5,8
1,1.00,48.00,118.00,4.43,4.43,4.71,0
1,0.98,137.00,163.00,4.43,4.43,4.71,7
1,0.98,147.00,133.00,4.92,4.92,5,13
1,0.98,149.00,176.00,5,4.86,5,7
1,0.98,118.00,161.00,5,5,5,5
1,1.00,104.00,208.00,4.5,5,4.75,4
1,1.00,45.00,353.00,4.5,4,4.5,0
1,0.99,204.00,40.00,4.5,4,4.5,0
1,0.99,95.00,338.00,4.5,4,4.5,0
1,1.00,110.00,237.00,4.5,4,4.5,0
1,1.00,75.00,90.00,4.5,4,4.5,0
1,1.00,129.00,211.00,4.5,4,4.5,0
1,1.00,133.00,362.00,4.5,4,4.5,0
1,1.00,113.00,330.00,4.5,4,4.5,4
1,0.89,81.00,364.00,5,5,5,4
2,0.91,113.00,295.00,5,5,4,1
2,0.91,115.00,295.00,4.5,5,4,2
2,0.91,120.00,279.00,5,5,5,1
1,1.00,60.00,348.00,5,4,5,2
1,0.75,47.00,362.00,4,5,5,1
2,1.00,140.00,288.00,4,4,4,1
1,1.00,96.00,342.00,5,5,5,3
1,1.00,79.00,352.00,4.83,4.94,4.89,18
2,0.80,78.00,365.00,3.67,2.67,5,3
1,0.89,65.00,290.00,4.91,5,4.82,0
2,1.00,39.00,248.00,4.91,5,4.82,11
1,0.97,66.00,297.00,4.93,4.93,5,15
1,0.96,63.00,160.00,4.67,4.83,4.83,6
1,1.00,83.00,349.00,4.75,4.75,5,4
1,1.00,75.00,88.00,4.2,3.8,4,0
4,1.00,27.00,142.00,4.2,3.8,4,0
1,0.96,70.00,163.00,4.2,3.8,4,5
1,1.00,78.00,336.00,5,5,5,0
1,0.83,90.00,313.00,5,5,5,2
1,1.00,85.00,66.00,5,5,5,2
1,0.98,150.00,161.00,4.5,4,4,2
1,1.00,130.00,358.00,5,5,5,1
1,1.00,73.00,344.00,5,5,5,0
1,0.97,137.00,358.00,5,5,5,0
1,1.00,120.00,330.00,5,5,5,3
1,1.00,65.00,356.00,4.5,5,5,2
1,1.00,86.00,94.00,4.88,4.63,4.88,0
2,0.96,25.00,94.00,4.88,4.63,4.88,8
1,1.00,54.00,42.00,5,5,5,6
2,0.68,56.00,356.00,4.17,4,4.5,6
1,0.85,50.00,340.00,1,1,1,1
1,1.00,96.00,352.00,5,5,5,13
1,1.00,46.00,69.00,4.8,4.8,4.8,5
1,1.00,65.00,209.00,5,4.67,5,3
4,0.96,37.00,363.00,5,5,5,0
1,0.93,100.00,294.00,5,5,5,1
2,0.68,56.00,353.00,5,5,5,1
2,1.00,83.00,78.00,5,5,5,3
4,1.00,25.00,364.00,5,5,5,1
1,0.93,50.00,100.00,4,5,5,1
1,1.00,219.00,337.00,4.86,4.71,5,7
1,1.00,86.00,349.00,5,5,5,0
2,0.68,51.00,364.00,5,5,5,1
2,0.68,65.00,355.00,3.5,4,3,2
2,0.68,65.00,362.00,1,1,1,1
2,0.68,65.00,360.00,4,5,5,0
2,0.68,65.00,362.00,4,5,5,1
1,0.67,94.00,355.00,5,5,5,1
1,1.00,120.00,349.00,4,4.5,4,0
1,1.00,160.00,362.00,4,4.5,4,0
1,1.00,16.00,365.00,4,4.5,4,0
1,0.85,47.00,361.00,4,4.5,4,2
1,0.90,84.00,170.00,5,5,5,0
2,1.00,180.00,182.00,5,5,5,0
1,1.00,103.00,232.00,5,5,5,0
1,1.00,90.00,335.00,5,5,5,0
1,1.00,63.00,174.00,5,5,5,0
1,1.00,80.00,364.00,5,5,5,1
1,0.99,57.00,244.00,5,5,5,0
1,1.00,80.00,267.00,5,5,5,1
1,0.92,64.00,69.00,5,5,5,0
1,0.92,52.00,365.00,5,5,5,0
1,0.92,121.00,305.00,5,5,5,2
1,0.68,95.00,300.00,3,5,2,0
1,0.68,95.00,298.00,3,5,2,1
2,0.75,42.00,353.00,4.83,5,5,6
1,1.00,68.00,137.00,5,5,5,1
1,0.68,90.00,292.00,5,5,5,0
1,0.68,80.00,289.00,5,5,5,0
1,0.68,120.00,268.00,5,5,5,0
1,0.85,40.00,343.00,5,5,5,0
1,0.99,83.00,360.00,5,5,5,0
1,0.50,383.00,365.00,5,5,5,0
1,0.75,59.00,348.00,5,5,5,0
1,0.76,136.00,347.00,5,5,5,1
1,0.38,75.00,173.00,5,5,5,0
1,0.67,70.00,355.00,5,5,5,2
1,1.00,67.00,361.00,5,5,5,0
1,1.00,95.00,364.00,5,5,5,0
2,0.96,40.00,364.00,5,5,5,0
2,0.96,38.00,364.00,5,5,5,1
1,1.00,29.00,306.00,5,5,5,0
1,0.40,130.00,301.00,5,5,5,0
1,0.89,70.00,335.00,5,5,5,1
1,0.95,82.00,307.00,5,5,5,1
1,0.61,120.00,340.00,4,3,5,0
1,0.96,88.00,365.00,4,3,5,0
1,0.96,72.00,178.00,4,3,5,0
2,0.96,82.00,100.00,4,3,5,0
2,0.96,30.00,364.00,4,3,5,0
1,1.00,32.00,360.00,4,3,5,0
1,1.00,69.00,351.00,4,3,5,2
1,0.68,92.00,354.00,,,,0
1,0.68,78.00,340.00,,,,0
1,1.00,251.00,351.00,,,,0
1,0.93,623.00,171.00,,,,0
1,0.50,94.00,191.00,,,,0
1,0.50,34.00,301.00,,,,0
1,1.00,83.00,360.00,,,,0
2,0.89,20.00,281.00,,,,0
1,0.89,167.00,345.00,,,,0
1,1.00,48.00,4.00,,,,0
1,0.68,75.00,356.00,,,,0
1,0.83,50.00,289.00,,,,0
1,1.00,270.00,364.00,,,,0
1,1.00,79.00,333.00,,,,0
1,,95.00,365.00,,,,0
